segment_filename,prediction,reference,wer
DCB_se1_ag2_f_03_1_1344348_1351219,YES BUT I DON'T SHARE I DID SHARE AT THE AMONG TORCH CLUB WHEN I HAD THE PORTRY NIGHT HERE A FEW MONTHS AGO,YES BUT I DON'T SHARE I DID SHARE AT THE UM TORCH CLUB WHEN THEY HAD THE POETRY NIGHT HERE A FEW MONTHS AGO,0.125
DCB_se1_ag2_f_03_1_2594369_2619310,I JUST ONE TO EXPERIENCE LIVING SOMEWHERE ELSE AND THEN IT'S SO EXPENSIVE TO LIVE HERE NOW YOU CAN'T EVEN LIVE COMFORTABLY WITHOUT REALLY THINKING ABOUT AWAY I GOT TO PAY ALL THIS MONEY FOR RENT GOT TO PAY ALL THIS MONEY FOR FOOD FOR THIS FOR METRIO EX WEY'S ZEE SO I DO WANT TO MOVE SAYS I DIDN'T GO AWAY FOR SCHOOL SO I FEEL LIKE I JUST BEEN STUCK HERE I HAVE TRAVELED,I JUST WANT TO EXPERIENCE LIVING SOMEWHERE ELSE AND THEN IT'S SO EXPENSIVE TO LIVE HERE NOW YOU CAN'T EVEN LIVE COMFORTABLY WITHOUT REALLY THINKING ABOUT OKAY I GOT TO PAY ALL THIS MONEY FOR RENT GOT TO PAY ALL THIS MONEY FOR FOOD FOR THIS FOR METRO X Y AND Z SO I DO WANT TO MOVE CAUSE I DIDN'T GO AWAY FOR SCHOOL SO I FEEL LIKE I JUST KIND OF BEEN STUCK H EVEN THOUGH I HAVE TRAVELED,0.16049382716049382
DCB_se1_ag2_f_03_1_3274626_3305744,BUT I WHEN WE GET OFF EARLY OF COURSE I CAN GO BEFORE THE MOST PART ELERO'S LIKE MY FAVOURITE LIKE HANG OUT SPIT CAUSE ESPECIALLY IN THE SUMMER THEY HAVE THE OUTDOOR PART AND THEN AT NIGHT IT DOESN'T IT IS NOT JUST LIKE THEY HAVE THEY TURN HALF OF IT INTO LIKE A LITTLE EM CLUB OR SOME SATURDAYS AND DEATHS SO I LIKE THERE BUT IF I'M GOING TO SIT DOWN TO EAT SOMEWHERE I LIKE BUST BOYS I LIKE BENS NEXT DOOR,BUT LIKE WHEN WE GET OFF EARLY OF COURSE I CAN GO BUT FOR THE MOST PART ALERO'S IS LIKE MY FAVORITE LIKE HANG OUT SPOT CAUSE ESPECIALLY IN THE SUMMER THEY HAVE THE OUTDOOR PART AND THEN AT NIGHT IT DOESN'T IT'S NOT JUST LIKE THEY HAVE THEY TURN HALF OF IT INTO LIKE A LITTLE UM CLUB OR WHATEVER AT NIGHT TIME ON SOME SATURDAYS AND STUFF SO I LIKED IT THERE BUT IF I'M GOING TO SIT DOWN AND EAT SOMEWHERE I LIKE BUSBOYS I ALSO LIKE BEN'S NEXT DOOR,0.24731182795698925
DCB_se1_ag2_m_01_1_51264_58418,ABOUT SIX MONTHS LIKE SIX MONDAY WHAT FLAVOUR WOULD YOU WANT,FOR ABOUT SIX MONTHS LIKE SIX MONTHS WHAT FLAVOR WOULD YOU LIKE,0.3333333333333333
DCB_se1_ag3_f_01_1_333418_343444,WE KNOW I KNOWS I GUESS PEOPLE GOT TIED SOLICIT IN HELP AND YOU KNOW SOME OF THE DINAMIC CHANGE WHERE NEIGHBORS JUST WERE GETTING OLDER AND DIDN'T WANT TO DO IT ANY MORE,OH WELL NOBODY KNOWS I GUESS PEOPLE GOT TIRED OF SOLICITING HELP AND YOU KNOW SOME OF THE DYNAMICS CHANGED WHERE NEIGHBORS JUST WERE GETTING OLDER AND DIDN'T WANT TO DO IT ANYMORE,0.30303030303030304
DCB_se1_ag3_f_01_1_682434_731413,THAT USED TO BE WHAT WE USED TO CALL A MARKET WE USED TO GO DOWN THERE AND IT WAS DIFFERENT LITTLE SHIRT STANDS INSIDE OF IT WE COULD SHOP FOR HAIR GOODS TEA SHIRTS THEY HAD A PLACE IN IT THAT HAD THE BEST STAKING CHEESE I MEAN THESE ARE ALL THE THINGS THAT WE SAW YOU KNOW WE'VE SEEN CHANGE OVER THE YEARS THE OWN CORNER STORE IT'S RIGHT THERE NEXT TO KIPP USED TO BE A PEOPLE'S DRUG STORE AND IF YOU GO FURTHER UP BINNERROAD ON THE LEFT HANDSIDE RIGHT THERE DIDN'S DRUD AT AGE THAT USED TO BE THE ONLY BLACK OWNG STORE ON THIS SIDE OF TOWN AND IT WAS CALLED ANNE'S RECTCH AND THEN WE'READING PLACE IS THERE USED TO BE A DEALER'S DOUGH AND THEN A TWENTY FOUR HOUR'S USED TO BE AN ACTUAL SEVEN ELEVEN,THAT USED TO BE WHAT WE USED TO CALL THE MARKET WE USED TO CAN GO DOWN THERE AND IT WAS DIFFERENT LITTLE E SH STANDS INSIDE OF THERE WE COULD SHOP FOR HAIR GOODS T SHIRTS YOU THEY HAD A PLACE IN THERE THAT HAD THE BEST F CH STEAK AND CHEESE I MEAN THESE ARE ALL THE THINGS THAT WE SAW YOU KNOW WE'VE SEEN CHANGE OVER THE YEARS THE UM CORNER STORE THAT SITS RIGHT THERE NEXT TO KIPP USED TO BE A PEOPLE'S DRUG STORE AND IF YOU GO FURTHER UP BENNING ROAD ON THE LEFT HAND SIDE RIGHT THERE I THINK THAT'S BENNING ROAD AND H THAT USED TO BE THE ONLY BLACK OWNED RECORD STORE ON THIS SIDE OF TOWN AND IT WAS CALLED ANNE'S RECORD SHOP AND THEN WHERE THE HAIR BRAIDING PLACE IS NOW THAT USED TO BE A CLEANERS AND THEN THE TWENTY FOUR HOUR STORE USED TO BE AN ACTUAL SEVEN ELEVEN,0.25308641975308643
DCB_se1_ag3_f_01_1_94738_99958,HETHERAHA THIS AND HIGH SCHOOL I WENT TO AND,AND HIGH SCHOOL I WENT TO AND,0.2857142857142857
DCB_se1_ag3_f_02_2_541814_589575,YES BUT ALL US WORK I HAVE A FRIEND SHE'S A POLICE OFFICER THAT'S MY BEST FRIEND WE WENT TO HISS SCHOOL TO GATHER BASELY WE DID EVERYTHING TO GATHER AND TOO SHE WENT INTO THE POLICE FORCE AH BACK IN HIGH SCHOOL I STILL TALKED TO AH'M SOME OF MY FRIENDS FROM THE BASSBOIL TEAM TING BUT ALL IN HER CLOSE BUT ON WE'LL HAVE ALLEE SHE LIVE OUT CLENNTON SO WE SEE EACH OTHER AND WHEN WE GO TO DER AND WE'TIN BUT WHEN WE GET TO THE GAV'D IS ALWAYS THE SAME WHEN WE KNOW THAT WE ARE TRUE FRIENDS SINCE IT'S ALWAYS IS ALWAYS THE SAME WHEN WE SEE EACH OTHER BUT O'NINO I'LL STAYS ON HIS HOUSE THEN WE GET THEM BOOK WORKS DONE IT,YES BUT ALL US WORK I HAVE A UH FRIEND SHE'S A POLICE OFFICER THAT'S MY BEST FRIEND WE WENT TO HAIR SCHOOL TOGETHER W BASICALLY WE DID EVERYTHING TOGETHER UNTIL SHE WENT INTO THE POLICE FORCE UM BACK IN HIGH SCHOOL I STILL TALK TO UM SOME OF MY FRIENDS FROM THE BASKETBALL TEAM UH UH ME AND HER CLOSE BUT UH WE HAVE OUR FAMILIES SHE LIVE OUT CLINTON SO WE SEE EACH OTHER WHEN WE GO TO CHURCH SOMETIMES AND WE TALK ON THE PHONE BUT WHEN WE GET TOGETHER IT'S ALWAYS THE SAME SO WE KNOW THAT YOU KNOW WE ARE TRUE FRIENDS CAUSE IT ALWAY THE S ALWAYS THE SAME WHEN WE SEE EACH OTHER BUT ALL IN ALL I STAYS IN THE HOUSE TRYING TO GET THEM BOOK WORKS DONE THAT'S IT,0.3695652173913043
DCB_se1_ag3_m_02_1_1458301_1496422,THERE EACH BIRD HAS THE SIGNIFICANT STYLE I MEAN BUT THEY'RE ALL PLAYING ON THE SAME INSTRUMENT OF COURSE EVERY BAND'S ONLY HAVE A DIFFERENT STYLE LIKE CHUCK BRANNY BE LIKE MORE SLOW PACE OH YOU KNOW YE'D MORE SLOW PACE FOR THE OLDER CROWD BECAUSE THEY WEREN'T WITH ALL THAT BUT YOU'LL JUMPED BACK IN NORTHE'S GROOR'SS YOU KNOW THEY'D GO FAST OR THEY'D GO FASE FOR THE OLD COUPLE DANCES O'NINN A DAY BUT I TELL YOU ONE THING WE DON'T PURGULATES WHAT WE WON'T PUN'T PURULATE,YEAH EACH EACH BAND HAS THEIR SIGNIFICANT STYLE I MEAN BUT THEY'RE ALL PLAYED ON THE SAME INSTRUMENT OF COURSE EVERY BAND'S GOING TO HAVE A DIFFERENT STYLE LIKE CHUCK BROWN'D BE LIKE MORE SLOW PACE OR YOU KNOW YOU HAD MORE SLOW PACE FOR THE OLDER CROWD CAUSE THEY WASN'T WITH ALL THAT BUT YOU KNOW JUNK BACK AND NORTHEAST GROOVERS YOU KNOW THEY COULD GO SLOW OR THEY'LL GO FAST FOR A COUPLE DANCES OR SOMETHING LIKE THAT FOR BACK IN THE DAY BUT I'LL TELL YOU ONE THING WE DON'T PERCOLATE THAT'S WHAT WE WON'T DO DOWN IN D C WE DON'T PERCOLATE,0.42452830188679247
DCB_se1_ag3_m_02_1_1563477_1588686,OH NO IT'S MORE LIKE A SACCAFICIAL TYPE THING THEY WEREN'T REALLY READY RADIO ORIENTED RADIO STATIONS WEREN'T PLAYING GOG A LIKE THAT HE WAS ONE BAND A GOT ON THE OSI D'Y EUN WHO WAS THAT BY EH AND I WAS I USED TO CRAINNK THROUGH DO NOMBLE,YEAH IT WAS MORE LIKE A SACRIFICIAL TYPE THING THEY WASN'T REALLY RADIO ORIENTED RADIO STATIONS WEREN'T PLAYING GO GO LIKE THAT IT WAS ONE BAND THAT GOT ON THOUGH WHO WAS IT UH E U WHO WAS THAT BAND E U AND THAT WAS AIGHT USED TO CRANK TOO THOUGH REMEMBER WORKING THE,0.5185185185185185
DCB_se1_ag3_m_02_1_683270_732731,I GUESS AS FAR AS YOU KNOW LETTING THE GOVERNMENT JUST DO ANYTHING THAT THEY WANT TO DO BASICALLY THEN CAUSE NOBODY IS REALLY THERE TO FIGHT FORS OR YOU KNOW ACTUALLY SEE WHAT REALLY GOES KNOWN BEHIND CLOSE DOOR AN'T YET WE'D HAVE PEOPLE ON TELLING US ONE THING BUT THEY COULD JUST BE BEING A PUPPET FOR THE NEXT MAN BUT WE REALLY GOIN'T KNOW UNTIL WE'LL ABLE TO FIGHT FOR THE HOUSE AND GET WHERE WE WANT RIGHT IN FRONT OF IT'LL BE SHOWN AND INSTEAD OF GOING OFF WHERE EVERYBODY ELSE IS SAYING IT'S GOING ALL DAY BUT THE WHOLE PLAN WAS GOING ALL WAY TO HOLD'LL NEVER BE ABLE TO DO AND SEE YOU OPEN DAY,LIKE AS AS FAR AS YOU KNOW LETTING THE GOVERNMENT JUST DO ANYTHING THAT THEY WANT TO DO BASICALLY CAUSE NOBODY'S REALLY THERE TO FIGHT FOR US OR YOU KNOW ACTUALLY SEE WHAT REALLY GOES DOWN BEHIND CLOSED DOORS I MEAN YEAH WE HAVE PEOPLE ON TELEVISION TELLING US ONE THING BUT THEY COULD JUST BE BEING A PUPPET FOR THE NEXT MAN BUT WE REALLY WOULDN'T KNOW UNTIL WE ABLE TO FIGHT FOR THE CAUSE AND GET WHAT WE WANT RIGHT INF IN IN FRONT OF US SO IT'LL BE SHOWN INSTEAD OF GOING OFF WHAT EVERYBODY ELSE IS SAYING AND IT'S GOING THE OTHER WAY BUT THE WHOLE PLAN WAS TO GO THE OTHER WAY THE WHOLE TIME BUT YOU'LL NEVER BE ABLE TO KNOW THAT UNTIL YOU OPEN YOUR EYES,0.3233082706766917
DCB_se1_ag4_m_02_1_1546069_1555346,WHILE THE SECOND GRADEEDER GAVE ME NIGNAME SNAKE GOES HE SAID I WAS SNEAKING YOU KNOW I'D ME SIT IN ONE PLACE AND SHE TURNED A MAN I'M SITIN SOME PLACE UP,IN UH SECOND GRADE TEACHER GAVE ME NICKNAME SNAKE CAUSE WELL SHE SAID I WAS SNEAKY YOU KNOW I'D BE SITTING IN ONE PLACE AND SHE TURN AROUND I'M SITTING SOME PLACE ELSE,0.48484848484848486
DCB_se2_ag2_f_01_1_2793680_2811400,KIND SORT OF SO I'M THE LINK SO'M NOT I'M NOT THE LINK I WASN'T THE LICK I'M DE ONE THAT PULLED EVERYBODY TOGETHER SO TO SPEAK SO WAS ME MY BEST FRIENDS WE'VE KNOWN IT TO SEVEN GREAT AND THEN IT'S NOT FUNNY BUT I WAS TOWARD MY NINTH GREE I BECAME A PART OF A GROUP CALLED KEEP IT TIGHT,SOUTH KIND OF SORT OF SO I'M THE LINK SO WELL I'M NOT I'M NOT THE LINK AND I WASN'T THE LINK I'M THE ONE THAT PULL EVERYBODY TOGETHER SO TO SPEAK SO IT WAS ME AND MY BEST FRIEND WE'VE KNOWN EACH OTHER SINCE SEVENTH GRADE AND THEN IT'S NOT FUNNY BUT I WAS TOWARDS MY NINTH GRADE YEAR I BECAME A PART OF A GROUP CALLED KEEP IT TIGHT,0.28169014084507044
DCB_se2_ag2_f_02_1_176993_184247,ONLY SO WE LIVED WITH MY GRANDMOTHER MAJORITY OF THE TIME WHILE WE LIVED IN DEASEY AND I CAN'T REMEMBER THE,OKAY UM SO WE LIVED WITH MY GRANDMOTHER THE MAJORITY OF THE TIME WHILE WE LIVED IN D C AND I CAN'T REMEMBER THE,0.20833333333333334
DCB_se2_ag2_f_02_1_1926109_1933405,AND I REMEMBER AND I ACTUALLY WAS THREE WHEN SHE PASSED AND HE STILL REMEMBERS THAT THAT'S HOW HE LEARNED HOW TO COUNT THE STEPS SO,UM AND I REMEMBER AND I ASKED CAUSE WAS THREE WHEN SHE PASSED AND HE STILL REMEMBERS THAT THAT'S HOW HE LEARNED HOW TO COUNT STEPS SO,0.14814814814814814
DCB_se2_ag2_f_02_1_3279089_3285518,AND I HONESTLY YES I HAVE THESE CONVERSATIONS WITH HIM WHEN HE'S VULNERABLE TO HAVE THOSE CONVERSATIONS,MM HM AND I I I HONESTLY AND IT'S I HAVE THESE CONVERSATIONS WITH HIM WHEN HE'S VULNERABLE TO HAVE THOSE CONVERSATIONS,0.2727272727272727
DCB_se2_ag2_f_02_1_3603855_3628279,AM AND IT'S OF VARIETY AND THEY'RE ALWAYS SPEAKING THE TRUTH AND THIS NEW GOGO WHERE THEY'RE JUST TAKING OTHER SONGS AND TURNING INTO GOGALE MUSES LEAN KNOW IT'S SPEAKING THE TRUTH I LOVE CHUCK BROWN OH AND IT'S I REMEMBER I AND THAT'S WHY I CAN''T COMPLAIN AT YOU KNOW WHAT ENVIRONMENT I WAS EXPOSED TO GOOD AS I'MNCH OLDER I'M REMEMBERING THE LATE NIGHTS THAT'S WHY MY DAD DANCING THAT'S WHO WE USED TO DO ALL NIGHT,UM AND IT'S A V VARIETY AND THEY'RE AREAYS ALWAYS SPEAKING THE TRUTH IN THIS NEW GO GO WHERE THEY'RE JUST TAKING OTHER SONGS AND TURNING INTO GO GO MUSIC IT'S LIKE NO IT'S SPEAKING THE TRUTH I LOVE CHUCK BROWN UM AND IT'S I I REMEMBER UM AND THAT'S WHY I CAN'T I CAN'T COMPLAIN AT YOU KNOW WHAT ENVIRONMENT I WAS EXPOSED TO CAUSE AS I'M OLDER I'M REMEMBERING THE LATE NIGHTS AND THAT'S WHY MY DAD'S DANCING LIKE THAT'S WHAT WE USED TO DO ALL NIGHT,0.2808988764044944
DCB_se2_ag2_f_02_1_3630624_3662849,TE ME ON HIS TOESS LIKE HIS FEET AND WE WOULD DANCE ALL NIGHT LITERALLY AND WITH MY UNCLE'S AS WELL THAT'S HONESTLY WHAT WE DID AND IT'S I LOVE MUSIC I'M MUSIC SPEAKS TO THE SOUL LIKE I LOVE THE OLDER MUSIC LIKE YOU WILL CATCH ME LISTENING TO ALL THE OLD SCHOOL LIKE I LOVE MARVINGGAY I'M WAS ACTUALLY YOU'M THE OTHER NIGHT AS I'M LISTENING TO MARVINGGAY AND I'M THIS IS OUR MUSIC AND I'M TELLING IT THAT THEY SHOULD AS SOUND ME UP FOR JAS LIKE I LOVE GESS I LOVE BEAUS LIKE I LOVEE ALL TYPES OF MUSIC YOU'M S CEEBEE PROBABLY,PUT ME ON HIS TOES LIKE HIS FEET AND WE WOULD DANCE ALL NIGHT LITERALLY AND WITH MY UNCLES AS WELL THAT'S THAT'S HONESTLY WHAT WE DID AND IT'S I LOVE MUSIC UM MUSIC SPEAKS TO THE SOUL LIKE I LOVE THE OLDER MUSIC LIKE YOU WILL L CATCH ME LISTENING TO ALL THE OLD SCHOOL LIKE I LOVE MARVIN GAYE UM WAS ACTUALLY COMPLAINING THE OTHER NIGHT CAUSE I'M LISTENING TO MARVIN GAYE AND I'M LIKE THIS IS OUR MUSIC HONESTLY AND I WAS TELLING HER THAT THEY SHOULD HAVE SIGNED ME UP FOR JAZZ LIKE I LOVED JAZZ I LOVED BYUE BLUES LIKE I LOVE ALL TYPES OF MUSIC BUT YEAH I THINK C C B PROBABLY,0.2857142857142857
DCB_se2_ag2_f_02_1_729651_746981,CAROLINE COUNTY VIRGINIA THAT'S DOWN BY KINGS MEN SO WHEN I WAS STILL UP HERE I WENT THROUGH THAT PROGRAM ALL THREE YEARS AND BASICALLY I'M LIKE YE I DEFTLY STILL WANT TO BE A LAWYER SO WHEN I WAS AT HIGH SCHOOL I WENT TO ANOTHER LAW PROGRAM FOR A UP I WANT TO SAY TWO WEEKS IN LOUISIANA,CAROLINE COUNTY VIRGINIA THAT'S DOWN BY KING'S DOMINION SO WHEN I WAS STILL UP HERE I WENT THROUGH THAT PROGRAM UM ALL THREE YEARS AND BASICALLY I'M LIKE OKAY YEAH I DEFINITELY STILL WANT TO BE A LAWYER SO WHEN I WAS AT HIGH SCHOOL I WENT TO ANOTHER LAW PROGRAM FOR UH I WANT TO SAY TWO WEEKS IN LOUISIANA,0.13114754098360656
DCB_se2_ag2_m_01_1_1216849_1241870,WHEN I WAS SEVEN I WAS NINETEEN YEARS OLD THAT'S MY FIRST INACTION WERE WHITE PEOPLE AND MY FIRST INITIAL REACTION WAS WHITE PEOPLE REALLY ACT HOW THEY ACT ON TEVY LIKE I THOUGHT THAT WAS CRAZY COULD THEY REALLY TALK LIKE THAT I'D NEVER EXPERIENCED THAT BEFORE SO IT WAS NEITHER IT WAS NOTHING NECESSARY CALLS A SHOCK BUT IT WAS JUST LIKE WHILE THIS IS CRAZY BECAUSE I'VE BEEN ON BLACK PEOPLE MY WHOLE LIFE,WHEN I WAS I WOULD SAY WHEN I WAS NINETEEN YEARS OLD THAT'S MY FIRST INTERACTION WITH WHITE PEOPLE AND MY FIRST INITIAL REACTION WAS WHITE PEOPLE REALLY ACT HOW THEY ACT ON T V LIKE I THOUGHT THAT WAS CRAZY CAUSE THEY REALLY TALK LIKE THAT I I NEVER EXPERIENCED THAT BEFORE SO IT WAS A IT WAS NOT NOT NECESSARILY CULTURE SHOCK BUT IT WAS JUST LIKE WOW THIS IS CRAZY CAUSE I'VE BEEN AROUND BLACK PEOPLE MY WHOLE LIFE,0.23170731707317074
DCB_se2_ag2_m_01_1_2643045_2659720,THAT'S A STORY WITHIN ITSELF HAVE TWO LITTLE GIRLS BY TWO DIFFERENT MOTHERS SO THAT SET ME BACK A LITTLE BIT FROM GOING BACK TO SCHOOL BECAUSE I WAS I WAS READY GO BACK TO SCHOOL BUT HAD NO BABIES AND THAT TOOK MY MONEY WENT TO THAT,THAT'S A STORY WITHIN ITSELF I HAVE TWO TWO LITTLE GIRLS BY TWO DIFFERENT UH MOTHERS SO THAT THAT THAT SET ME BACK A LITTLE BIT FROM FROM GOING BACK TO SCHOOL BECAUSE I I WAS I WAS READY TO GO BACK TO SCHOOL BUT HAD THEM BABIES AND THAT THAT TOOK MY MY M MY MONEY WENT TO THAT,0.21666666666666667
DCB_se2_ag3_f_02_1_2183557_2191315,WHAT'S WHAT ONE MORE DO YOU NEED THEY'RE THERE LITERALLY BUILDING BUILDINGS ON TOP OF OVERPASES IN DEASEY TO GET PEOPLE IN HERE,WHAT WHAT MORE DO YOU NEED THEY'RE THEY'RE LITERALLY BUILDING BUILDINGS ON TOP OF OVERPASSES IN D C TO GET PEOPLE IN HERE,0.2608695652173913
DCB_se2_ag3_f_02_1_2200823_2206816,TO THE POINT WHERE THEY ARE BUILDING BUILDINGS ON TOP WITH SOMETHING THAT IT SHOULDN'T EVEN WHY YOU'RE BUILDER BUILDING OR OVERPASS,TO THE POINT WHERE THEY'RE BUILDING BUILDINGS ON TOP OF SOMETHING IT J IT IT SHOULDN'T EVEN WHY ARE YOU BUILDING A BUILDING ON AN OVERPASS,0.46153846153846156
DCB_se2_ag3_f_02_1_3026179_3071055,NO THERE'S SOLELY DIFFERENT AM IT WAS A FRIDAY NIGHT I HAD GOT PUBLISHED IN CAPITAL ROMANCE THAT DAY AM ONE OF MY PHOTO SHOOTS GOT PUBLISHED I SAY YOU KNOW WHAT SCREW IT I'M GOING OUT TO NIGHT I'M GOING HIT YOU STREET WENT OUT LOOKED FOR PARKING FOR FORTY FIVE GOT DARN MINUTES I COULDN'T FIND THAT STITCH AND PARKING NEAR YORK STREET I DROVE ALL WAY DOWN TO CHRISTIAN AIEVE AND I'M GO OVER THERE IT'M GOIN'S WHERE I KNOW MY CAR AND I'M STILL IN THE CITY AND I' PARKED OUR CAR AND I CALLED A LIFFF THERE YOU THE DIFFERENCE IF I'LL WENT ALL WAY HOME TO SEVERAL YEARS AND I CALLED A LIFFF AND I CAR AND MY HOUSE THAT LIF WOULD HAVE BEEN LIKE TWENTY DOLLARS AND I CALLED A LIFFF FROM SIXTY SEVEN CENTS,I KNOW IT WAS TOTALLY DIFFERENT UM IT WAS A FRIDAY NIGHT I HAD GOT PUBLISHED IN CAPITOL ROMANCE THAT DAY UM ONE OF MY S PHOTOSHOOTS GOT PUBLISHED I SAID YOU KNOW WHAT SCREW IT I'M GOING OUT TONIGHT I'M GOING TO HIT U STREET WENT OUT LOOKED FOR PARKING FOR FORTY FIVE GOD DARN MINUTES COULDN'T FIND NOT S STITCH OF PARKING NEAR U STREET SO I DROVE ALL THE WAY DOWN TO CONSTITUTION AVE I SAID IMA GO OVER HERE BY THE GOVERNMENT BUILDINGS WHERE I KNOW MY CAR'S NOT GOING TO GET BROKEN INTO AND I'M STILL IN THE CITY AND I PARKED MY CAR AND I CALLED A LYFT FROM THERE THE DIFFERENCE IS IF I WOULD HAVE WENT ALL THE WAY HOME TO TEMPLE HILLS AND CALLED A LYFT AND PARKED MY CAR AT MY HOUSE THAT LYFT WOULD HAVE BEEN LIKE TWENTY DOLLARS I CALLED A LYFT FROM CONSTITUTION AVENUE TO U STREET IT WAS FOUR DOLLARS AND SIXTY SEVEN CENTS,0.4166666666666667
DCB_se2_ag3_m_01_1_1145256_1166149,TO LEAD TO SPEAK CETERA TO DO THESE THINGS THAT I TRY TO HELP GIVE GIS NOW THAT I LOVE YOU KNOW DOING SO MUCH WITH THEM NOW AH AND THEN BECAUSE THE ART EXPERIENCE THERE I WAS READY TO GO TO REGRET OUR INTERVIEW FOR SOME HIGH SCHOOL GOT INTO THE BOTH THE THEATRE AND THE TEBEE PRODUCTION APARTMENTS,TO LEAD TO SPEAK ET CETERA TO DO THESE THINGS THAT I TRY TO HELP GIVE KIDS NOW THAT I LOVE YOU KNOW DOING SO MUCH WITH 'EM NOW UM AND THEN BECAUSE OF THE ART EXPERIENCE THERE I WAS READY TO GO TO GR UH INTERVIEW FOR HIGH SCHOOL GOT INTO THE BOTH THE THEATER AND THE T V PRODUCTION APART DEPARTMENTS,0.20634920634920634
DCB_se2_ag3_m_01_1_1403432_1432834,AND SHE TOOK A PICTURE THAT SHE STILL HAD IT AND POSTED IT ON FACEBOLK AND S LIKE I STILL HAVE THIS REMEMBER KNOW WHEN YOU DID THESE THAT YOU KNOW THAT MADE A DIFFERENCE BIBBE BARBAI SO I THINK IT WAS AROUND THAT TIME I'S REALLY GRAPPLING WITH YEAR ART THING IS COOL BUT THAT'S NOT WHAT I WANT TO DO I WANT TO HELP PEOPLE I'M AND THAT'S YOU KNOW THAT'S KIND O WE'DIN MY HEAD WAS EVEN WHEN I'D THINK IT WAS WHEN I GARPPLED WITH THAT'T KNOW WHAT I WANTED TO DO WAS WHEN I GOT TO,AND SHE TOOK A PICTURE THAT SHE STILL HAD IT AND POSTED IT ON FACEBOOK AND SHE'S LIKE I STILL HAVE THIS REMEMBER YOU KNOW WHEN WE WHEN YOU DID THESE THAT YOU KNOW THAT M MADE A DIFFERENCE BLAH BLAH BLAH BLAH BLAH SO I THINK IT WAS AROUND THAT TIME I WAS REALLY GRAPPLING WITH YEAH ART THING IS COOL BUT THAT'S NOT WHAT I WANT TO DO I WANT TO HELP PEOPLE UM AND THAT'S YOU KNOW THAT'S KIND OF WHERE MY HEAD WAS EVEN WHEN I GRADUATED AND I THINK CAUSE I GRAPPLED WITH THAT SO MUCH I DIDN'T KNOW WHAT I WANTED TO DO WAS WHEN I GOT TO,0.2543859649122807
DCB_se2_ag3_m_01_1_3230540_3246025,ITEM ONE OF THINGS THAT I RECOGNIZED WAS AH AN INCREASE IN THEIR PRIDE AND THEIR PARTICIPATION IN THE CLUB AH AND IT IT TOOK ME UNTIL NOW TO REALLY SEE THAT,IT UM ONE OF THE THINGS THAT I I RECOGNIZED WAS UH AN INCREASE IN THEIR PRIDE AND THEIR PARTICIPATION IN THE CLUB UM AND IT T IT TOOK ME UNTIL NOW TO REALLY SEE THAT,0.19444444444444445
DCB_se2_ag3_m_01_1_4416802_4423275,AH MOMENTS THAT MADE YOU LAUGH LIKE THAT GUT WRENCHING,UM MOMENTS THAT MADE YOU LAUGH LIKE THAT GUT WRENCHING,0.1
DCB_se2_ag3_m_01_1_4702217_4724189,WHO'S WRONG AND IT'S LIKE SHE CAN SAY TWO WORDS AND THE FLOOD GATES OF LIKE OH DEAR YOU KNOW AND SO SHE PASSED THAT A THING ALONG TO ME AND WHEN THESE YOUNG PEOPLE COME IN AND LIKE YOU SAID YOU SEE IT IT'S IN YOUR EYES IT'S IN YOUR BODY LANGUAGE ISN'T HOW YOU SAT DOWN IN THE CHAIR YES'T HOW YOU SAT IN THE CHAIR YESTERDAY,WHAT'S WRONG AND IT'S LIKE N SHE CAN SAY TWO WORDS AND THE FLOOD GATES IS LIKE OH MY GOD YOU KNOW AND SO SHE PASSED THAT I THINK ALONG TO ME AND WHEN THESE YOUNG PEOPLE COME IN AND LIKE YOU SAID YOU SEE IT IT'S IN YOUR EYES IT'S IN YOUR BODY LANGUAGE IT'S IN HOW YOU SET DOWN IN THE CHAIR AS OPPOSED TO HOW YOU SET IN THE CHAIR YESTERDAY,0.1891891891891892
DCB_se2_ag4_f_01_1_3578924_3594150,ONE TIME I'VE I LEARNED A LOT BECOMING A TOURIST ONE TIME AND IT WASN'T UNTIL I GOT MARRIED AGAIN WE TOOK THE BUSS TO OR BUSS AND I LEARNED ABOUT THE ARCHITEC I LEARNED TO APPRECIATE THE ARCHITEC MORE IN D C,ONE TIME I R I LEARNED A LOT BECOMING A TOURIST ONE TIME AND IT WASN'T UNTIL I W GOT MARRIED AGAIN WE TOOK THE BUS TOUR BUS AND I LEARNED ABOUT THE ARCHIATECT I LEARNED TO APPRECIATE THE ARCHIATECT MORE IN D C,0.20454545454545456
DCB_se2_ag4_f_02_1_2043679_2058057,ONLY I CAN REMEMBER OH CAUSE MY FATHER'S HOT HEAD HOT TEMPER VERY FATHER'S A VERY MEAN MAN BUT THERE WERE CERTAIN THINGS THAT WOULD HAPPEN THAT HE WOULD TOTALLY BE CALM MY MOTHER WAS GOOD AT RECKON CARS,UM I CAN REMEMBER UH CAUSE MY FATHER'S V HAS A HOT HEAD HOT TEMPER VERY FATHER'S A VERY MEAN MAN UM BUT THERE WAS CERTAIN THINGS THAT WOULD HAPPEN THAT HE WOULD BE TOTALLY BE CALM MY MOTHER WAS GOOD AT WRECKING CARS,0.20454545454545456
DCB_se2_ag4_f_02_1_678229_691711,GROW OLDER WE GET DARKER SO I WAS EXTREMELY LIGHT WHEN I WAS A CHILD AND VERY SKINNY AND SO I WAS LIKE AN OUTCAST BECAUSE I WAS MADE FUN OF BECAUSE I WAS THE WHITE GIRL AT THE SCHOOL,GROW OLDER WE GET DARKER SO I WAS EXTREMELY LIGHT WHEN I WAS A CHILD AND VERY SKINNY AND UM SO I WAS LIKE AN OUTCAST BECAUSE I WAS MADE FUN OF BECAUSE I WAS THE WHITE GIRL AT THE SCHOOL,0.024390243902439025
DCB_se2_ag4_f_03_1_547321_561317,AND GOING AGAIN HE COULD PREACH OH HE COULD JUST LIKE FIRE AND JUST WORK EVERYBODY UP YOU KNOW HE WAS JUST THAT KIND OF PREACH I CAN SEE THAT I DON'T REMEMBER EXACTLY WHAT IT WAS HE TALKED ABOUT BUT I REMEMBER I CAN SEE HIM IN,AND GOING I MEAN HE COULD PRE OH HE COULD JUST LIKE FIRE AND JUST WORK EVERYBODY UP YOU KNOW HE WAS JUST THAT KIND OF PEO I CAN SEE THAT I C I DON'T REMEMBER EXACTLY WHAT IT WAS HE TALKED ABOUT BUT I REMEMBER I CAN SEE HIM IN THE,0.1346153846153846
DCB_se2_ag4_f_05_1_1003212_1026158,YES YES I I CAN'T SAY I DIDN'T LIKE ENGLISH MASS AND ALL THAT I WAS GOOD AT THAT TOO I HATED HISTORY ME WHAT'S YOU POINT THEY DID IT'S OVER MAY YOU WANT TELL ME ABOUT IT BUT THAT DRAWM IN MY LIFE OHN'S WHERE I'VE FELT,YES I I I CAN'T SAY I DIDN'T LIKE ENGLISH MATH AND ALL OF THAT I WAS GOOD AT THAT TOO I HATED HISTORY I MEAN WHAT'S YOUR POINT THEY DEAD IT'S OVER WHY YOU GOING TO TELL ME ABOUT IT PUT THAT DRAMA IN MY LIFE I DON'T CARE THAT'S THE WAY I FELT,0.34545454545454546
DCB_se2_ag4_m_01_1_1365784_1375073,AND ALL THAT JUST THAT NOT O LIKE MAN I'M DOWN IN MY MAN BUT KILL ME IN AN INSTANT SO I'M MY YOU AINT AS BAD AS YOU THINK YOU ARE,THIS AND ALL OF THAT THIS THAT AND THE OTHER I'M LIKE MAN I'M DOWN IN MY MAN UH IMA KILL ME IN A INSTANT SO I MIGHT YOU AIN'T AS BAD AS YOU THINK YOU ARE,0.35135135135135137
DCB_se3_ag3_f_02_1_1643640_1664539,AND THEY FEEL EMBARRASSED BECAUSE THEY LIKE GA LIKE THIS IT'S EMBARRASSING WHEN THEY KNOW THAT YOU KNOW WHAT THEY'VE BEEN DOING ALL THOSE STORIES ARE ALWAYS THE FUNNIEST BECAUSE THEY THAT'S WHEN I LEARNED THAT PEOPLE CAN BE VERY CREATIVE WITH THEIR STORIES WHEN THEY COME UP WITH THINGS EVEN WHEN YOU SAY IT'S ON WIDOW OH THAT'S NOT ME I'M LIKE SHAGGY NOT YOU,AND THEY FEEL EMBARRASSED BECAUSE THEY'RE LIKE GOD LIKE THIS IT'S EMBARRASSING WHEN THEY KNOW THAT YOU KNOW WHAT THEY'VE BEEN DOING UM THOSE STORIES ARE ALWAYS THE FUNNIEST BECAUSE THEY THAT'S WHEN I LEARNED THAT PEOPLE CAN BE VERY CREATIVE WITH THEIR STORIES WHEN THEY COME UP WITH THINGS EVEN WHEN YOU SAY IT'S ON VIDEO OH THAT'S NOT ME I'M LIKE LIKE SHAGGY THAT'S NOT YOU,0.08823529411764706
DCB_se3_ag3_f_02_1_2632973_2651557,WE JUST IT'S LIKE WE WON'T NEED LIFE I'LL KNOW THIS A THING FIRST OTHER DEASEY'S LIKE STRAIGHT DEASEY DOES NOT CLAIM BALTIMO AT ALL LIKE IT'S LIKE THEY DON'T EVER GET ALONG BUT I DON'T KNOW IT'S JUST A THING THAT WE LIKE IN PEOPLE LIKE BALSOMERELLO JUST BALSSOME BOSIMO WE DON'T CLAIM STEP CHILDREN,WE JUST DON'T IT'S LIKE WE DON'T EVEN LIKE BAL I DON'T KNOW IT'S A THING FIRST OF ALL D C S LIKE STRAIGHT D C DOES NOT CLAIM BALTIMORE AT ALL LIKE IT'S LIKE THEY DON'T EVER GET ALONG BUT UM I DON'T KNOW IT'S JUST A THING LIKE WE LIKE MM MM PEOPLE LIKE BALTIMORE MARYLAND NO JUST BALTIMORE BALTIMORE WE DON'T CLAIM THE STEP CHILDREN,0.38235294117647056
DCB_se3_ag3_f_02_1_2883645_2918424,IT WAS VERY WELCOME EVEN TO THE POINT I'D EVEN KNOW THAT THAT THAT ISN'T THING THEY DID BRANDED VERY WELL BACK THEN BUT I DON'T EVEN KNOW I THOUGHT HE GOING TO THE ARCH YES IT WAS IT THE ARC PERIOD SO WHEN I INTERVIEWED AND WE TALKED ABOUT IT EVEN THEN I SAID I WAS ABOUT PREMINTIES AND THAT'S WHEN I I WENT BACK THERE FOR SOMETHING AND I'M NOW I'D REMEMBER SEEING AND AT THIS TIME I'M LIKE AH BOYS ARCLIP TOOTH TIME I'M THAT'S WHEN MY FIRST REALIZED OF THE BOYS IN GIRLS CLUB OH THAT TIME,IT WAS VERY WELCOME EVEN TO THE POINT I DIDN'T EVEN KNOW THAT BUT I DON'T THINK THEY DID BRANDING VERY WELL BACK THEN BUT I DIDN'T EVEN KNOW I THOUGHT WE GOING TO THE ARC THAT'S WHAT IT WAS IT WAS THE ARC PERIOD SO WHEN I INTERVIEWED AND WE TALKED ABOUT IT EVEN THEN I SAID I WAS ABOUT PROBABLY MY MID TWENTIES AND THAT'S WHEN I I WENT BACK THERE FOR SOMETHING AND UM I REMEMBER SAYING AND AT THAT TIME I WAS LIKE OH BOYS AND GIRLS CLUB TOOK OVER BEEN HERE THE WHOLE TIME UH BUT I WAS TELLING UH I WAS LIKE YEAH THAT'S WHEN I FIRST REALIZED IT WAS THE BOYS AND GIRLS CLUB ALL THAT TIME,0.3951612903225806
DCB_se3_ag3_f_02_1_688108_699492,O HYACINTH WAS VERY FUN I WAS PRETTY MUCH IN EVERYTHING I WAS ON WE STARTED THE BAIT TEAM AT EIGHTHGRADE I WAS ON THE BATEEM I WAS IN ARAL CI THE WHOLE TIME M DRAMA CLUB,OH HIGH SCHOOL WAS VERY FUN I WAS PRETTY MUCH IN EVERYTHING I WAS ON WELL I STARTED DEBATE TEAM IN EIGHTH GRADE I WAS ON DEBATE TEAM I WAS IN R O T C THE WHOLE TIME UM DRAMA CLUB,0.4146341463414634
DCB_se3_ag3_m_01_1_144766_157246,AH MY MAMMA DADOR FROM MISSISSIPPI SO MY FATHER WAS BORN IN HATTIE'SSBURG MISSISSIPPI AND MY MOTHER IS FROM SMITH SMITHVILLE MISSISSIPPI FARM LANDS,UM MY MOM AND DAD ARE FROM MISSISSIPPI SO MY FATHER WAS BORN IN UH HATTIESBURG MISSISSIPPI AND MY MOTHER IS FROM SMITH SMITHVILLE MISSISSIPPI THE FARMLANDS,0.3333333333333333
DCB_se3_ag3_m_01_1_338323_346905,NO ACTUALLY I'M A MIDDLE CHILD SO I HAVE A OLDER BROTHER AND I HAVE A YOUNGER BROTHER AND SO I'M DEAD SMACK IN THE MIDDLE THREE PARENTS AT THREE BOYS SO,NO ACTUALLY I'M A MIDDLE CHILD SO I HAVE A OLDER BROTHER AND I HAVE A YOUNGER BROTHER AND SO I'M DEAD SMACK IN THE MIDDLE THREE MY PARENTS HAD THREE BOYS SO,0.06060606060606061
DCB_se3_ag3_m_01_1_89698_106868,IN LINCOLN HEIGHTS WHEN WE FIRST MOVED HERE AND THAT WAS LIKE MY PRECAATE THREE PRECATE FOUR DAYS MY MAMMA WAS A DEASEY TEACHER SO SHE TAUGHT THERE WE WENT TO SCHOOL THERE BUT AFTER ELEMENTARY SCHOOL GRADUATED FROM THERE WENT TO MIDDLE SCHOOL IN UPPER MARBORO,IN LINCOLN HEIGHTS WHEN WE FIRST MOVED HERE AND THAT WAS LIKE MY PRE K THREE PRE K FOUR DAYS MY MOM IS A D C D C TEACHER SO SHE TAUGHT THERE AND WE WENT TO SCHOOL THERE BUT AFTER ELEMENTARY SCHOOL GRADUATED FROM THERE AND WENT TO MIDDLE SCHOOL IN UPPER MARLBORO,0.24074074074074073
DCB_se3_ag3_m_02_1_1405037_1410155,YOU KNOW WHAT THE BIGGEST DIFFERENCE IS GOING TO BE HE GOT SOMEBODY THAT'S UNSELFISH THAT WILL GIVE HIM THE BALL,UH YOU KNOW WHAT THE BIGGEST DIFFERENCE IS GOING TO BE HE GOT SOMEBODY THAT'S UNSELFISH THAT WILL GIVE HIM THE BALL,0.045454545454545456
DCB_se3_ag3_m_02_1_2176050_2183078,BUT I WANTED TO I DON'T WANT TO GET HAVING IN HER MIND THAT THE HATE THAT I HAVE FOR NO BOYS THAT SHE GOT TO WELL I DON'T WANT TO TELL THEM THIS,BUT I WANTED IT I DON'T WANT TO GET HAVE IT IN HER MIND THAT THE HATE THAT I HAVE FOR LITTLE BOYS THAT SHE GOT TO WELL I I DON'T WANT TO TELL HIM THIS,0.16666666666666666
DCB_se3_ag4_f_02_1_1043988_1079568,AND THERE WAS A SHORT SPAN OF HER LIFE SHE WAS VERY YOUNG THAT SHE LIVED IN A NEIGHBOURHOOD WHERE SHE WENT TO SCHOOL SO I HAD A I GREW UP IN A VERY ROBUST NEIGHBOURHOOD WITH CHILDREN LOTS OF CHILDREN AND WE AM PLAYED OUTSIDE OF A LOT AND IF YOU PROBABLY HEARD FROM OLDER PEOPLE WE COULD GO OUTSIDE AND PLAY FOR EVER UNTIL IT WAS DARK MEAN THAT STUFF ABOUT THE YEARM WHAT YOU'LL CALL IT THE NIGHTLIGHTS THE O'M PLAYING UNTIL THE LIGHTS CAME ON,AND THAT WAS A SHORT SPAN OF HER LIFE SHE WAS VERY YOUNG THAT SHE LIVED IN A NEIGHBORHOOD WHERE SHE WENT TO SCHOOL SO I HAD A I GREW UP IN A VERY ROBUST NEIGHBORHOOD WITH CHILDREN LOTS OF CHILDREN AND WE UM PLAYED OUTSIDE A LOT AND AS YOU PROBABLY HEARD FROM OLDER PEOPLE WE COULD GO OUTSIDE AND PLAY FOREVER UNTIL IT WAS DARK I MEAN THAT STUFF ABOUT THE THE UM WHAT DO YOU CALL IT THE NIGHT LIGHT THE UM PLAYING UNTIL THE TILL THE THE THE LIGHTS CAME ON,0.21052631578947367
DCB_se3_ag4_f_02_1_1644310_1671638,SO WAS A DIFFERENT SHE WASN'T AS ADLETEIST AND THEN WE HAD TO CATCH THE BUSS TOGETHER BECAUSE SHE LIVED ON CAPITAL HILL IN SOUTH EAST AND THEN I LIVED AND SHE LIVED IN SOUTH EAST BUT IT WAS CAPITAL HILL AND CAPITAL HILL IS OF COURSE BOOMING EVEN BACK THEN IT WAS PRETTY YOU DON'T KNOW CAPITAL HILL WEIRD BUT I USED TO HAVE TO GO CROSS THE BRIDGE SO WE NO GOT ROLLED THE BUS TOGETHER,SO IT WAS A DIFFERENT SHE WASN'T AS ELITIST AND THEN WE HAD TO CATCH THE BUS TOGETHER BECAUSE SHE LIVED ON CAPITOL HILL IN SOUTHEAST AND THEN I LIVED BUT AND SHE LIVED IN SOUTHEAST BUT IT WAS CAPITOL HILL AND CAPITOL HILL IS OF COURSE BOOMING EVEN BACK THEN IT WAS PRETTY I DON'T KNOW BUT CAPITOL HILL WAS WEIRD BUT YOU KNOW AND I USED TO HAVE TO GO ACROSS THE BRIDGE SO WE YOU KNOW GOT C RODE THE BUS TOGETHER,0.27058823529411763
DCB_se3_ag4_f_02_1_3624332_3665194,I'VE BEEN SO THAT REALLY JUST THE ONLY TIME THAT I DO THAT TYPE OF STUFF I MEAN I REALLY WANT TO DO BETTER AT THAT AND OH IS WHEN PEOPLE COME TO TOWN NOW I YOU KNOW AND I HAVE A OH AND AS I'VE GOTTEN OLDER I'D DEFINITELY YOU KNOW THAT'S DEFINITELY ON WHAT MY TO DO LIST OH AND THERE'VE A CERTAIN THINGS I EVEN FORGOT EXISTED LIKE THE FREDERICK DOUGLAS HOUSE IS LIKE RIGHT IN ANNACOSSSTY UP ON THE HILL AND I HAD TOTALLY WON ABOUT THAT UNTIL SOMEBODY MENTIONED DID YOU TELL ME,I HAVE BEEN SO THAT REALLY JUST THE ONLY TIME THAT I DO THAT TYPE OF STUFF I MEAN I REALLY WANT TO DO BETTER AT THAT AND UM IS WHEN PEOPLE COME TO TOWN NOW I YOU KNOW AND I HAVE A AND AS I'VE GOTTEN OLDER I DEFINITELY YOU KNOW THAT'S DEFINITELY ON M MY TO DO LIST UM AND THEN YOU KNOW THERE'S CERTAIN THINGS THAT I EVEN FORGOT EXISTED LIKE THE FREDERICK DOUGLASS HOUSE IS LIKE RIGHT IN ANACOSTIA UP ON THE HILL AND I HAD TOTALLY FORGOTTEN ABOUT THAT UNTIL SOMEBODY MENTIONED DID YOU TELL ME THAT,0.1568627450980392
DCB_se3_ag4_m_01_1_1148305_1163197,YOU KNOW LISTENING TO MY DAUGHTER THAT PHRASE COMES UP LIKE SIX SEVEN TIMES IN THE COURSE OF A CONVERSATION WITH HER AND THERE'S A LOT OF STUFF IN YOU KNOW WHAT I'M SAYING THAT YOU NEVER GET TO,YOU KNOW LISTENING TO MY DAUGHTER THAT THAT PHRASE COMES UP LIKE SIX SEVEN TIMES IN A COURSE OF A CONVERSATION WITH HER AND THERE'S A LOT OF STUFF IN YOU KNOW WHAT I'M SAYING THAT YOU NEVER GET TO,0.05
DCB_se3_ag4_m_01_1_3212518_3245845,YOU KNOW THEY SAW US LIKE OH KAY WI THESE BLACK PEOPLE YOU KNOW AND YE GOES GET UNRRESLESS YOU KNOW WE AIN'T PUTIN FOR THIS YOU KNOW PARTICULARLY WHEN THEY SAW US IN LIKE POSITIONS AS SENATORS AND THEY'RE LIKE ON YO YO YOU GOT FIX THE RULES TO GIT THEM BACK WHERE THEY SUPPOSED BELONG AND ALL OF THOSE POSITIONS THAT THEY GOT DURING RECONSTRUCTION THEY LOST BECAUSE THE WHITE GOVERNMENTS THE WHITE GOVERNMENTS FIGURED OUT A WAY TO GET THEM OUT OF OFFICE WITH ALL KIND OF ONE CRAZY TESTS THAT THEY'DED HOW MANY MARBLES INN'T READ IT RIGHT YOU CAN'T VOTE,YOU KNOW THEY SAW US LIKE OH OKAY WELL THESE BLACK PEOPLE YOU KNOW NIGGAS GETTING UNR R RESTLESS YOU KNOW WE AIN'T PUTTING UP WITH THIS YOU KNOW PARTICULARLY WHEN THEY SAW US IN LIKE POSITIONS AS SENATORS AND THEY WERE LIKE UH UH Y'ALL Y'ALL GOT TO FIX THE RULES TO GET THEM WHERE THEY SUPPOSED TO BELONG AND ALL OF THOSE POSITIONS THAT THEY GOT DURING RECONSTRUCTION THEY LOST BECAUSE THE WHITE GOVERNMENT THE WHITE STATE GOVERNMENT FIGURED OUT A WAY TO GET THEM OUT OF OFFICE WITH ALL KIND OF CRAZY TESTS THAT YOU HAD TO HOW MANY MARBLES IN A BOTTLE READ THIS PARAGRAPH OH YOU DIDN'T READ IT RIGHT YOU CAN'T VOTE,0.3050847457627119
DCB_se3_ag4_m_02_1_330093_349820,TO TAKE THE TESTS FOR AND I DID INITIALLY I WASN'T ACCEPTED AND NOW BUT THEY ASKED ME TO COME BACK FOR A SECOND INTERVIEW AND ULTIMATELY WAS ACCEPTED AND SO I I WENT THERE MY SISTER WENT TO COOLIDGE HIGH SCHOOL WHICH WAS THE HIGH SCHOOL IN OUR NEIGHBORHOOD AND INTERCOME PARK SECTION OF D C,TO TAKE THE TEST FOR AND I DID INITIALLY I WASN'T ACCEPTED AND UM BUT THEY ASKED ME TO COME BACK FOR A SECOND INTERVIEW AND I ULTIMATELY WAS ACCEPTED SO I I I WENT THERE MY SISTER WENT TO COOLIDGE HIGH SCHOOL WHICH WAS THE HIGH SCHOOL IN OUR NEIGHBORHOOD IN IN TACOMA PARK SECTION OF D C,0.13559322033898305
PRV_se0_ag1_f_01_1_1086962_1100671,ONE BEDROOM SMALL LIVING ROOM SMALL KITCHEN ALL OF WAS LIKE INTO ONE IS RIDICULOUS AND NOW YOU GO TO HER HOUSE HER HOUSE IS NOT IN THE SAME SPACE IS CANNOT FURTHER BACK IT SIT UP THEY GOT IT BUILD UP,ONE BATHROOM SMALL LIVING ROOM SMALL KITCHEN ALL OF US LIKE INTO ONE JUST RIDICULOUS AND NOW YOU GO TO HER HOUSE HER HOUSE IS NOT SITTING IN THE SAME SPACE IT'S KIND OF FURTHER BACK IT SIT UP THEY GOT TO BUILD UP,0.18181818181818182
PRV_se0_ag1_f_01_1_1793116_1798463,BOOK WILL WE LOOK FOR YOU KNOW LIKE O'AMOR LIKE I SAID W SHE SAID WHAT I PUTTING HOUSE LIKE,WHAT WE LOOK FOR YOU KNOW LIKE OKAY MY GRANDMA'S LIKE I SAID WELL SHE SAID WELL I PUT IT OUT I WAS LIKE,0.5
PRV_se0_ag1_f_01_1_1848815_1854862,SHE'S ON MAH OST HIS STAFF SOMETHING UN WHAT IS IT CALL,SHE'S UM A S STAFF SOMETHING MM WHAT IS IT CALLED,0.5454545454545454
PRV_se0_ag1_f_01_1_2023946_2032637,FOR THE BOYS INERS CLUB AND ON YOU YOU HAVE TO LIKE IF THEY HAVE PROBLEMS YOU SHOULD BE THERE FOR THEM TO TALK TO THEM YOU KNOW,FOR THE BOYS AND GIRLS CLUB AND UM YOU YOU HAVE TO LIKE IF THEY HAVE PROBLEMS YOU SHOULD BE THERE FOR THEM TO TALK TO THEM YOU KNOW,0.10344827586206896
PRV_se0_ag1_f_01_1_239146_247906,WHAT WAS THE PROBLEM SHE WAS LIKE WHEN ISTO NOW SHUT EVERYTHING NOW SHE WAS LIKE IT IS NOT THAT SERIOUS I SAY YES IT IS FOR US WE'N NOT USING NOLL WE SHUT EVERY SHE SAID,WHAT IS THE PROBLEM SHE WAS LIKE WHEN IT SNOW Y'ALL SHUT EVERYTHING DOWN SHE WAS LIKE IT IS NOT THAT SERIOUS I SAID YES IT IS FOR US WE'RE NOT USED TO NO SNOW WE SHUT EVERY SHE SAID,0.275
PRV_se0_ag1_f_01_1_263425_268630,IS JUST NOT SOMETHIN THAT JIST REALLY LIKE I MEAN WE ALWAYS WE GOT SNOW BUT IT IS NOT LIKE A LOT,IT'S JUST NO SOMETHING THAT JUST REALLY LIKE I MEAN WE ALWAYS WE GOT SNOW BUT IT'S NOT LIKE A LOT LIKE,0.3181818181818182
PRV_se0_ag1_f_01_1_702727_714055,SO SHE SAID ALMO MY AUNT'S HUSBAND FRIEND HELPED HER HOLD HER AND SWIM WITH HER TO THE BOAT AND IT WAS A LOT OF PEOPLE ON TOP OF HOUSES YOU KNOW,SO SHE SAID THAT UM MY AUNT'S UM HUSBAND FRIEND HELP HER HOLD HER AND SWIM WITH HER TO THE BOAT AND IT WAS A LOT OF PEOPLE ON TOP OF HOUSES YOU KNOW,0.11764705882352941
PRV_se0_ag1_f_01_1_739073_752753,EITHER GREENVILLE SOMEWHERE AROUND THE SURROUNDINGS OF PRINCEVILLE AND TARBER THAT WE WOULD STAY ON CAUSE SOME PARSON TARB DIDN'T GET FLOODED DOWN TOWN REALLY DID BUT IT WASN'T AS BAD AS PRINCEVILLE YOU KNOW THAT WOULD BUT THE GRACE OF GOD IT DID JUST THEN WIPE EVERYTHING OUT,EITHER GREENVILLE SOMEWHERE AROUND THE SURROUNDINGS OF PRINCEVILLE AND TARBORO THAT WE WOULD STAY WITH CAUSE UM PARTS OF TARBORO DIDN'T GET FLOODED DOWNTOWN REALLY DID BUT IT WASN'T AS BAD AS PRINCEVILLE YOU KNOW THAT WASN'T BUT FOR THE GRACE OF GOD THAT HE JUST DIDN'T WIPE EVERYTHING OUT,0.26
PRV_se0_ag1_f_01_1_817743_824865,MAYBE THE CLOTHES ON THAT BAG SOME OF MY HAD ON BEARING SHOES AND A THING OR SOME OF ION THINK SOMEONE HAD ON SHOES,MAYBE THE CLOTHES ON THEIR BACK SOME OF MIGHT HAD ON BEDROOM SHOES AND EVERYTHING OR SOME OF 'EM I DON'T THINK SOME OF 'EM HAD ON SHOES,0.42857142857142855
PRV_se0_ag1_f_01_1_895332_910331,AND ARE CERTAIN PEOPLE TOOK RISKS AND THEY WENT THROUGH THERE AND IT WAS LIKE BUT A WEEK AND HAVE WENT BY I THINK A WEEK MAYBE A WEEK OR FOUR FIVE DAYS WENT BY WE WENT THROUGH AND I'M LIKE JUST TO SEE LIKE WHAT'D,AND UM CERTAIN PEOPLE TOOK RISK AND THEY WENT THROUGH THERE AND THEY WAS LIKE BUT A WEEK AND A HALF WENT BY I THINK A WEEK MAYBE A WEEK OR FOUR OR FIVE DAYS WENT BY WE WENT THROUGH AND UM LIKE JUST TO SEE LIKE LIKE WHAT HAP,0.2
PRV_se0_ag1_f_01_2_361659_369799,NE I'M JUST GOING TO CHEW JUST ATHELLE YOU'M JUST HAVE NATHIN PLAYING BECAUSE I GOT THE HOUSE OF MYSELF BECAUSE MY MOTHER NOT ATE GONES GREEN'S BROWN LIKE,LIKE I'M JUST GOING TO CHILL JUST OUT THERE HAVE NOTHING PLANNED BECAUSE I GOT THE HOUSE TO MYSELF BECAUSE MY MOTHER NOW THEY GONE TO GREENSBORO I'M LIKE,0.4827586206896552
PRV_se0_ag1_f_02_2_173701_179076,IS BUT MY DAD'S FAMILY IS EVEN CLOSE WITH MY FAMILY BECAUSE THEY ALL GREW UP TOGETHER,AND IT'S LIKE MY DAD'S FAMILY IS EVEN CLOSE WITH MY FAMILY BECAUSE THEY ALL GREW UP TOGETHER,0.16666666666666666
PRV_se0_ag2_f_02_1_1322156_1330598,BUT IT WAS MUCH DISTANT THAN DE ARE NAME AND NO BUT WHEN WE DID WE HAD GOOD TIME BUT IT WAS BASICALLY ON SUNDAYS,BUT IT WAS MUCH DISTANT THAN THEY ARE NOW AND UH BUT WHEN WE DID WE HAD GOOD TIME BUT IT WAS BASICALLY ON SUNDAYS,0.12
PRV_se0_ag2_f_02_1_2410419_2419278,HE DECEASED NUMBER HIS WIFE IS STILL LIVING AND AH TOUR OF THING THAT WAS THE FIRST BLACK DOLL I EVER KNOWN,HE DECEASED NOW BUT HIS WIFE IS STILL LIVING AND UH TELL YOU THE TRUTH I THINK THAT WAS THE FIRST BLACK DOCTOR THAT I EVER KNOWN,0.4074074074074074
PRV_se0_ag2_f_02_2_410739_422869,AND NO LIKE HE'S A PASTOR OF TWO CHURCHES HE USED SAY HAD THREE BUT HE'LL PASSER A TWO CHURCHES AND THAT MOUNTAIN SANE HERE IN PRINCEVILLE WHICH IS THE OLDEST,AND UM LIKE HE'S A PASTOR OF TWO CHURCHES HE USED TO HAVE THREE BUT HE A PASTOR OF UH TWO CHURCHES AND AT MOUNT ZION HERE IN PRINCEVILLE WHICH IS THE OLDEST,0.3333333333333333
PRV_se0_ag2_f_02_2_777158_782721,THIS WAS LIKE O WINDS THE NIGHT WHEN IT STARTED RAINING,THIS WAS LIKE UM A WEDNESDAY NIGHT WHEN IT STARTED RAINING,0.2727272727272727
PRV_se0_ag2_f_03_1_33962_40487,ALL OF MY GRANDMOTHER SHE DID MY GRANDADATE GOIN MY MAMMA SHE'S DEER HEREA JEST DEAR LIVING,ALL OF 'EM ALL OF 'EM MY GRANDMAMA SHE DEAD MY GRANDDADDY GONE MY MAMA SHE STILL HERE SHE STILL LIVING,0.6666666666666666
PRV_se0_ag3_f_01_2_488476_509921,THAT WAS AND THAT WAS A REAL SAD ORDEAL CAN YOU IMAGINE SEEING ONE OF THE CITIZENS IN YOUR WARD ON THEIR KNEES FACE DOWN IN THE EARTH UNDER THE CONDITION THAT THIS SOUL WAS IN AFTER THE FLOOD BUOE AND CRYING FOR THEIR LOSSES,THAT WAS A THAT WAS A REAL SAD ORDEAL CAN YOU IMAGINE SEEING ONE OF THE CITIZENS IN YOUR WARD ON THEIR KNEES FACE DOWN IN THE EARTH UNDER THE CONDITION THAT THIS SOIL WAS IN AFTER THE FLOOD BOOHOOING AND CRYING FOR THEIR LOSSES,0.06666666666666667
PRV_se0_ag3_f_02_1_141536_147530,MY DAD ALSO HAD A GARAGE AND STORE WHICH WAS LOOKING IN AN AREA WHERE THE SEAMIT IS UP THERE,UH MY DAD ALSO HAD A GARAGE AND STORE WHICH WAS LOCATED IN THE AREA WHERE THE CEMENT IS OUT THERE,0.23809523809523808
PRV_se0_ag3_f_02_1_1693504_1699318,YOU KNOW HOW TO BECOME A BETTER PARENTS AH PARENT CONTROL PARENTED,YOU KNOW HOW TO BECOME A BETTER PARENT UM UH PARENT CONTROL PARENTING,0.3076923076923077
PRV_se0_ag3_f_02_1_1750993_1757262,THEY'RE GROWN NOW THEY MIGHT NOT REMEMBER YOU COMPLETELY BUT THEY REMEMBER SOME THINGS THAT THEY DID,THEY'RE GROWN NOW THEY MIGHT NOT REMEMBER YOU COMPLETELY BUT THEY REMEMBER SOME THINGS THAT THEY DID,0.0
PRV_se0_ag3_f_02_2_1083422_1090341,AND LET'S SEE SOMEBODY ELSE OH HAVE YOU EVER HEARD OF THOMAS REEVES,AND LET'S SEE SOMEBODY ELSE UH HAVE YOU EVER HEARD OF THOMAS REEVES,0.07692307692307693
PRV_se0_ag3_f_02_2_1292288_1297951,AND YOU KNOW WE FOUND KIDS DURING THAT TIME YEARS AGO THAT WAS IN REALLY BAD SHAPE,AND YOU KNOW WE WE FOUND KIDS DURING THAT TIME YEARS AGO THAT WAS IN REALLY BAD SHAPE,0.05555555555555555
PRV_se0_ag3_f_02_2_1965995_1971167,AND IT WAS REALLY REALLY REALLY GETTIN READY TO FALL IN AND THEY HAD A TRAILER TRAILER,AND IT WAS REALLY REALLY GETTING READY TO FALL IN AND THEY HAD A TRAVELER TRAVEL TRAILER,0.23529411764705882
PRV_se0_ag3_f_02_2_816661_829223,MY MAMMA YOU KNOW SHE WHEN SHE WAS HAD THE STORE AND SHE WOULD USE TO CLOSE THE STORE ABOUT ELEVEN O'CLOCK AND SHE WOULD PROMISE US NOW WHEN WE CLOSE OUT WE COULD JUST GO TAKE A RIGHT LOOK AT THE TOWN,MY MOM W UM YOU KNOW SH WHEN SHE WAS H HAD THE STORE AND SHE WOULD USED TO CLOSE THE STORE ABOUT UH ELEVEN O CLOCK AND SHE WOULD UH PROMISE US NOW WHEN WE'RE CLOSED UP WE'RE JUST GOING TO TAKE A RIDE AND LOOK AT THE TOWN,0.38
PRV_se0_ag3_f_02_2_889873_895622,YOU KNOW WHERE THE PARK WHERE OL THE TRAIL BEGAN AFTER YOU COME OUT TO TAR RIVER,NORTH YOU KNOW WHERE THE PARK WHERE UM THE TRAIL BEGAN AFTER YOU COME OFF THE TAR RIVER,0.2222222222222222
PRV_se0_ag3_f_04_1_1293311_1304852,AN AND OH NO YOU SHE WANT TO GO TO DE ON CHRISTMAS OF FERADE TO SEE THE HORSE,AND UM SHE WANT TO GO S TO THE UM CHRISTMAS PARADE TO SEE THE HORSES,0.625
PRV_se0_ag3_f_04_1_21942_34079,AND DIN AFTER DE SERVICE WE WENT ON IN THE SUNDAY SCHOOL AND ROUND TEN THIRD O MAYBE SOMETHIN DEVER WE'D LEFT AND WENT TO SAINT DU,AND THEN AFTER THE SERVICE WE WENT ON INTO SUNDAY SCHOOL AND AROUND TEN THIRTY MAYBE SOMETHING ELEVEN WE LEFT AND WENT TO SAINT LUKE,0.44
PRV_se0_ag3_f_04_1_2296717_2302779,AND SO THIS LADY SHE WAS A PRINCE BUT TOO,AND SO THIS LADY SHE WAS A PRINCIPAL TOO,0.2222222222222222
PRV_se0_ag3_f_04_3_1229788_1238482,INN SHE HAD COOKED THE MEAT DO STREAM BEAMING AND CORN,MM HM SHE HAD COOKED THE MEAT THOUGH STRING BEAN AND CORN,0.4166666666666667
PRV_se0_ag3_f_04_3_1432645_1439701,AN SHE FLEW UP DAT AN I KNOWSEE EH SHE WON'T AIDED DEAN IT WON'T FALL FROM,AND SHE FLEW UP THERE AND I KNOW SHE IF SHE WONT EIGHTY THEN IT WONT FAR FROM IT,0.631578947368421
PRV_se0_ag3_f_04_3_72404_78650,BUT SHE'VE BEEN DAT OH AH RIGHT MEAN A YEAR,BUT SHE BEEN DEAD UH RIGHT MANY YEARS,0.875
PRV_se0_ag3_m_01_1_1059096_1070592,IF YOU DON'T NOW NURTURE IT I AND TAKE CARE OF IT IT WILL STILL PRODUCE A SMALL DEFECTED APRON,IF YOU DON'T UH NURTURE IT UH TAKE CARE OF IT IT WILL STILL PRODUCE UM A SMALL DEFECTED ACRON,0.25
PRV_se0_ag3_m_01_1_1239328_1249532,BUT AT THE SAME TIME THEY NEED TO BE GENTLY AWAKEN TO SAY WELL THE ONLY WAY WE CAN GET PAST THAT IS TO ADDRESS IT,BUT AT THE SAME TIME THEY NEED TO BE GENTLY AWAKENED TO SAY WELL THE ONLY WAY WE CAN GET PAST THAT IS TO ADDRESS IT,0.038461538461538464
PRV_se0_ag3_m_01_1_1266334_1283477,WELL THIS PLACE FROM WHAT I'VE BEEN TOLD AH WAS FIRST CALLED FREEDOM HILL AND NO I CAN IMAGINE MY GREAT GREAT GRAND PARENTS WERE PART OF THOSE ALL FIRST FREED YO SLAVES THAT WOULD SETTLE HERE,WELL THIS PLACE FROM WHAT I'VE BEEN TOLD UM F W WAS FIRST CALLED FREEDOM HILL AND UM I CAN IMAGINE MY GREAT GREAT GRANDPARENTS WERE PART OF THOSE UM FIRST FREED UM SLAVES THAT WOULD SETTLE HERE,0.21052631578947367
PRV_se0_ag3_m_01_1_1321129_1339820,AH AND SO ALL OF A SUDDEN I GUESS SOME ONE ASSIGNED SAID WELL THAT'S A SAFE HEAVEN FOR THEM BECAUSE JIM CROWISM WAS STILL GOING ON THAT THE SOME OF THE SOUTHERNERS JEST WAS BITTER ABOUT TAKING THEIR FREE FREE SLAVE LABOR AWAY FROM HIM,UH AND SO ALL OF A SUDDEN I GUESS SOMEONE ASSIGNED SAID WELL THAT'S A SAFE HAVEN FOR THEM BECAUSE JIM CROWISM WAS STILL GOING ON THAT THE SOME OF THE SOUTHERNERS JUST WAS BITTER ABOUT TAKING THEIR FREE FREE SLAVE LABOR AWAY FROM 'EM,0.13333333333333333
PRV_se0_ag3_m_01_1_1997146_2020374,AND WE USED TO SWEEP IT WITH THE BRUSH BROONS AND IT WOULD LOOK NEAT AH ONCE YOU CLENO GOT IT CLEAN AND NEAT AND NO I USED TO LAY ON THAT GROUND AND LOOK AT THAT DOG LOOK HIM IN HIS EYES AND HE'D LOOKED ME RIGHT IN MINE AND THEN I WOULD DRAW HIM I WOULD DRAW ON THIS GROUND,AND WE USED TO SWEEP IT WITH THE BRUSH BROOMS AND IT WOULD LOOK NEAT A UH ONCE YOU CL YOU KNOW GOT IT CLEANED AND NEAT AND UM I USED TO LAY ON THAT GROUND AND LOOK AT THAT DOG LOOK HIM IN HIS EYES AND HE'D LOOK ME RIGHT IN MINE AND THEN I WOULD DRAW HIM I WOULD DRAW ON THIS GROUND,0.13846153846153847
PRV_se0_ag3_m_01_1_2244102_2252630,AND WHEN HE CUT IT JUST IN TIME IT WRAPPED AROUND THAT CAR CAR'S WHEEL AND WE WERE STANDING ON IT ON THE LINE ON THE SIDEWAL,AND WHEN HE CUT IT JUST IN TIME IT WRAPPED AROUND THAT CAR THE CAR'S WHEEL AND WE WERE STANDING ON IT ON THE LINE ON THE SIDEWALK,0.07142857142857142
PRV_se0_ag3_m_01_1_2638522_2653973,YEA THE YEARS OF WAS FORTY NINE AND FIFTY AND NOW I WOULD MEET OUR MUSIC TEACHER MISSUS,YEP THE YEARS UH WAS IT FORTY NINE AND FIFTY AND UM I WOULD MEET OUR MUSIC TEACHER MISSUS,0.21052631578947367
PRV_se0_ag3_m_01_1_986228_1000398,TO PRESENT IT WITHOUT AUTUMN LOOKING LOOKING LIKE A THREAT WE JUST WANT PEOPLE TO ACKNOWLEDGE THE WRONG AND LES SEE IF WE CAN NO DO SOMETHING ABOUT CORRECTING IT BECAUSE,TO PRESENT IT WITHOUT UM L F U LOOKING LOOKING LIKE A THREAT WE JUST WANT PEOPLE TO ACKNOWLEDGE THE WRONG AND LET'S SEE IF WE CAN UM DO SOMETHING CORRECTING IT BECAUSE,0.21212121212121213
PRV_se0_ag3_m_01_2_1147331_1160623,AND SHE SAY I'S WELL EM I'M JUST CONCENTRATEIN NOW'M ALL RIGHT SHE'S HAVE YOU DECIDED WHAT YOU GOING TO SING I SAY I GOT TWO OR THREE THINGS OR DAT I WOULD LIKE TO DO BUT I DON'T KNOW WHICH ONE EM'LL DO,AND SHE SAY I SAID WELL I'M I'M JUST CONCENTRATING I SAID BUT I'M ALL RIGHT SHE SAID HAVE YOU DECIDED WHAT YOU GOING TO SING I SAY UM I GOT TWO OR THREE THINGS UM THAT I WOULD LIKE TO DO BUT I DON'T KNOW WHICH ONE I'M GOING TO DO,0.3076923076923077
PRV_se0_ag3_m_01_2_337858_348258,DID IT DOOM IT WAS JUST A ROUGH PLACE TO TRY TO FIND YOUR STARTEM,THAT IT UM IT WAS JUST A A ROUGH PLACE TO TRY TO FIND YOUR YOUR STARDOM,0.29411764705882354
PRV_se0_ag3_m_02_1_11595_17685,ESSE HE AIN'T ABLE WORKING NINE KNEES GUN IN BAD I HE GET READY TO GO TO HOSPITAL AND GET A DECE,YEAH WELL ACTUALLY HE AIN'T EVEN WORKING RIGHT NOW HIS KNEE'S GETTING BAD RIGHT HE GETTING READY TO GO TO THE HOSPITAL TO GET HIS KNEE S O,0.6071428571428571
PRV_se0_ag3_m_02_2_1033958_1042796,AND THEN THE WATER COME IN WASHED IT OUT A LOT OF PEOPLE DON'T KNOW WHICH WAY TO GO TO GET THE STUFF BACK SO A LOT O THEM PEOPLE THEY GOT THESE GOT,AND THEN THE WATER COME IN WASHED IT OUT AND A LOT OF PEOPLE DON'T KNOW WHICH WAY TO GO TO GET THE STUFF BACK SEE A LOT OF THEM PEOPLE THEY GOT THESE GOT,0.08571428571428572
PRV_se0_ag3_m_02_2_65047_72323,IT RUNS OWERTA BE SOME LIGHT WHERE IT CALLS THAT FOUR MILES OUT YO DISTRICT,IT RUNS UH OUGHT WE SUPPOSED TO BE SOMETHING LIKE WHERE IT'S CALLS THAT FOUR MILES OUT YOUR DISTRICT,0.47368421052631576
PRV_se0_ag3_m_03_1_1067264_1076116,WELL I'ST STAY'S SINGER ABOUT PUN PROM AUSTER A STAID SING OUR RING ABOUT SIXTHY MEAL,WELL I S S STAYED SINGLE FOR ABOUT FROM FROM I STAYED SINGLE I RECKON ABOUT SIX SEVEN YEARS,0.8947368421052632
PRV_se0_ag3_m_03_1_1412830_1418584,WHEN I COULDN'T YOU KNOW BUT I WOULD DEFT BE A LITTLE BEFORE I WERE TWENTY'S AGED POOR HIM BEFORE I GOT TWENTY,MM HM WHEN I G WHEN YOU KNOW BUT BUT I THERE FOR A LITTLE BEFORE I WAS TWENTY SEE THEY PULL ME BEFORE I GOT TWENTY,0.5185185185185185
PRV_se0_ag3_m_03_1_1708563_1714667,AH NO IT'S A LOT TELLING YOU ABOUT IN THE HOUSE NOW WE ARE,UH N THAT'S WHAT I WAS TELLING YOU ABOUT IN THE HOUSES THAT WAY UP,0.6666666666666666
PRV_se0_ag3_m_03_1_1782492_1788009,A LITTLE ON THE TIGHT SIDE AND I COULD IT GOB THE PRELISTENT OWN CROWDIN TOOK ALL HIS MONEY WAY POMP,IT'S A LITTLE ON THE TIGHT SIDE NOW CAUSE THE GOVERNMENT TOOK THEIR PRESIDENT AND ALL THEM CROWD DONE TOOK ALL THIS MONEY AWAY FROM 'EM,0.6538461538461539
PRV_se0_ag3_m_03_1_624766_631311,JOIN IN WITH JOAN MARK CLOCK I THINK THIS IS THE NAME JOAN MARK CLAW,JOIN IN WITH GENERAL MARK CLARK I THINK THAT'S HIS NAME GENERAL MARK CLARK,0.5
ROC_se0_ag1_f_01_1_1786399_1804459,I'M NOT WORRY ABOUT A CONFEDERATE FLAG FLYING YOU KNOW ACROSS MY FACE OR DRIVING BEHIND SOMEBODY ANDY SPIT ON MY CAR BECAUSE I'M BLACK YOU KNOW MY BROTHER HAS TOLD ME ABOUT THINGS THAT HAVE HAPPENED JUST BECAUSE HE'S BLACK SO I DON'T WORRY ABOUT THAT HERE SO I'M THANKFUL FOR THAT I SHOULD SAY,I'M I'M NOT WORRY ABOUT A CONFEDERATE FLAG FLYING YOU KNOW ACROSS MY FACE OR DRIVING BEHIND SOMEBODY AND THEY SPIT ON MY CAR BECAUSE I'M BLACK YOU KNOW BUT THE AND MY BROTHER HAS TOLD ME ABOUT THINGS THAT HAVE HAPPENED JUST BECAUSE HE'S BLACK SO I DON'T WORRY ABOUT THAT HERE SO I'M THANKFUL FOR THAT I SHOULD SAY,0.09836065573770492
ROC_se0_ag1_f_01_1_2685915_2720794,ABOUT HERBERT SO IT DEPENDS ON BUT I THINK IT HERE I FEEL LIKE A LOT OF PEOPLE ARE FROM DOWNHILL THE LOT OF PEOPLE HAVE COME UP TO RADCHESTER IN PARTICULAR BECAUSE OF JOB OPPORTUNITIES AND DIFFERENT THINGS AT THE TIME SO MOST OF EVERYBODY I KNOW HAS ROOTS SOMEWHERE ELSE THERE AREN'T ACTUALLY BORNE THERE I CAN'T TRACE ANYBODY BACK THAT I KNOW OF THAT WAS JISTER HAD ALWAYS BEEN HERE WHICH MAKES SENSE IN HISTORY UNLESS HE'S WEREN'T REALLY KNOW ANYBODY THAT WAS JUST BRED HERE,ABOUT SO IT DEPENDS UM BUT I THINK IT HERE I FEEL LIKE A LOT OF PEOPLE ARE FROM DOWN SOUTH A LOT OF PEOPLE HAVE COME UP TO ROCHESTER IN PARTICULAR BECAUSE OF JOB OPPORTUNITIES AND DIFFERENT THINGS AT THE TIME SO MOST OF EVERYBODY I KNOW HAS ROOTS SOMEWHERE ELSE THEY AREN'T ACTUALLY BORN HERE I CAN'T TRACE ANYBODY BACK THAT I KNOW OF THAT WAS JUST HAS ALWAYS BEEN HERE WHICH MAKES SENSE IN HISTORY UNLESS SOMEBODY'S FAMILY WAS AN INDENTURED SERVANT I DON'T REALLY KNOW ANYBODY THAT WAS BORN AND JUST BRED HERE,0.21649484536082475
ROC_se0_ag1_f_01_1_2814366_2829390,IF THAT MAKES SENSE AND THEY DON'T GET A LOT OF MY REFERENCES LIKE JOKES ARE OH I CAN'T THINK OF ANYTHING RIGHT NOW BUT THINGS I WOULD SAY THEY'D BE LIKE IF I WERE TO SAY WHO SHAD JOHN YOU KNOW YOU KNOW WHAT I'M TALKING ABOUT,IF THAT MAKES SENSE AND THEY DON'T GET A LOT OF MY REFERENCES LIKE JOKES OR UM I CAN'T THINK OF ANYTHING RIGHT NOW BUT THINGS I WOULD SAY THEY'D BE LIKE WHO IF I WERE TO SAY WHO SHOT JOHN YOU KNOW YOU KNOW WHAT I'M TALKING ABOUT,0.08163265306122448
ROC_se0_ag1_f_01_1_453489_469577,LOT OF THE KIDS I WENT TO ELLEMENTRY FROM I WAS OVERWAIGHT GROWN UP SO LOT OF THE KIDS WERE GOING TO WILSON AND I DIDN'T WANT TO GO BECAUSE THEY SEIZED ME ALL THE TIME SO I DIDN'T WANT TO GO TO WILSON AND I DIDN'T WANT TO GO TO ALL GIRL SCHOOL SOME WAS LIKE GREAT I'M NEVER GOING HAVE BOY FRIEND HAT,A LOT OF THE KIDS I WENT TO ELEMENTARY FROM I WAS OVERWEIGHT GROWING UP SO A LOT OF THE KIDS WERE GOING TO WILSON AND I DIDN'T WANT TO GO BECAUSE THEY USED TO TEASE ME ALL THE TIME SO I DIDN'T WANT TO GO TO WILSON AND I DIDN'T WANT TO GO TO A ALL GIRLS SCHOOL CAUSE I WAS LIKE GREAT I'M NEVER GOING TO HAVE A BOYFRIEND,0.22535211267605634
ROC_se0_ag1_f_02_1_1117598_1130479,THREE OR FOUR PEOPLE THAT I KNEW IN COLLEGE LIKE PRETTY WELL AND I HAD NO IDEA THAT THEY WERE THERE AND I HAD JUST GOT TO DECEY SO WAS TRYING TO BUILD MY NETWORK OF PEOPLE I'M SO GLAD I WENT,LIKE THREE OR FOUR PEOPLE THAT I KNEW IN COLLEGE LIKE PRETTY WELL AND I HAD NO IDEA THAT THEY WERE THERE AND I HAD JUST GOT TO D C SO I WAS TRYING TO KIND OF BUILD MY NETWORK OF PEOPLE UM SO I'M GLAD I WENT,0.16666666666666666
ROC_se0_ag1_f_02_1_422637_464536,ONLY IT WAS CHANGING BECAUSE I THINK AT THAT POINT AM SO WHEN I ENTERED I WAS LIKE THIRTEEN THIRTEEN OR FOURTEEN AND I THINK AT THAT POINT I STARTED TO REALIZE THAT YOU KNOW NOT EVERYBODY SO LIKE ALL THEM TAKE SO BACK SO I WOULD PARTICIPATE IN DIFFERENT COMMUNITY SERVICES ACTIVITIES SO A ONE OF THE THINGS THAT WE DID IS LIKE INTERACT WITH LIKE EM STUDENTS THAT WE WENT TO LIKE EMBURBIN HIGH SCHOOLS AND SO I'LL THEM THINK LIKE GOING TOILITIES AND SO LIKE I WOULD PARTED TO NOTICE DIFFERENCES LIKE YOUR SCHOOLS ALL LIKE MY SCHOOL AND THEIR SCHOOLS SO LIKE MY SCHOOLS AS SOON AS WALK BEFORE YOU CAN GET INTO THE SCHOOL YOU HAD TO GO THROUGH MEDICAL,UM IT WAS CHALLENGING BECAUSE I THINK AT THAT POINT UM SO WHEN I ENTERED I WAS LIKE THIRTEEN THIRTEEN OR FOURTEEN AND I THINK AT THAT POINT I STARTED TO REALIZE THAT YOU KNOW NOT EVERYBODY'S SO LIKE UH LET ME TAKE A STEP BACK SO I WOULD PARTICIPATE IN DIFFERENT COMMUNITY SERVICE ACTIVITIES SO ONE OF THE THINGS THAT WE DID IS LIKE INTERACT WITH LIKE UM SCH STUDENTS THAT WENT TO LIKE SUBURBAN HIGH SCHOOLS AND SO I THINK LIKE GOING TO THEIR FACILITIES AND STUFF LIKE THAT I NOTICED LIKE STARTED TO NOTICE DIFFERENCES BETWEEN LIKE THE SCHOOLS LIKE MY SCHOOL AND THEIR SCHOOL SO LIKE MY SCHOOL YOU KNOW SOON AS YOU WALK BEFORE YOU CAN GET INTO THE SCHOOL YOU HAVE TO GO THROUGH MEDICAL MEDICAL UH,0.2706766917293233
ROC_se0_ag1_f_03_1_1654023_1664888,I WOULD DO THOSE AND I WOULD BE REALLY HAPPY DOING IT I JUST LIKE NOW I KNOW AND IF I HAVE A KID LIKE I'LL JUST TRY NOT TO MAKE THEIR LIFE HELL AND MAKE THEM FEEL LIKE THEY CAN STAY,I WOULD DO THOSE AND I WOULD BE REALLY HAPPY DOING IT I JUST LIKE NOW I KNOW AND IF I HAVE A KID LIKE I'LL JUST TRY NOT TO MAKE THEIR LIFE HELL AND MAKE THEM FEEL LIKE THEY CAN STAY,0.0
ROC_se0_ag1_f_03_1_2721964_2731344,AM I THINK THAT LIKE PLACES DEEP ON THE WEST SIDE AND DEEP ON THE EAST SIDE ARE PROBABLY LIKE IN THE CITY,UM I THINK THAT LIKE PLACES DEEP ON THE WEST SIDE AND DEEP ON THE EAST SIDE ARE PROBABLY LIKE IN THE CITY,0.043478260869565216
ROC_se0_ag1_f_03_1_868173_881744,SO IF YOU COMBINE THAT WITH A CAREER GOAL THAT IT IT ONLY REACHES SUCCESS IF SOMEONE LIKES THE WAY YOU LOOK YOU COULD BE,SO IF YOU COMBINE THAT WITH UH A CAREER GOAL THAT IT IT IT ONLY REACHES SUCCESS IF SOMEONE LIKES THE WAY YOU LOOK YOU COULD BE,0.07407407407407407
ROC_se0_ag1_m_01_1_1094303_1131206,ALMOM HONESTLY MY MAM PICKED EVERY SINGLE SCHOOL THAT I WENT TO ALM SO IT STARTED OFF WITH PRE KEF AND THEN I WENT TO OM FROM KAY THROUGH SECOND AFTER I WENT TO DO FROM THIRD UNTIL SIX IT IS WE WEREN'T TO THEE IN WHY I WAS DIFFERENT FROM OTHER PEOPLE BECAUSE LIKE I WAS IN FOURTHGRADE LITERALLY LIKE A WEEK AND HE CAME UP TO ME LIKE HAVE YOU EVER HEARD ABOUT THEM AND'M LIKE NO,UM HONESTLY MY MOM PICKED EVERY SINGLE SCHOOL THAT I WENT TO UM SO IT STARTED OF WITH PRE K AT AND THEN I WENT TO UM FROM K THROUGH SECOND AFTER I WENT TO FROM THIRD UNTIL SIX AT IS WHERE I STARTED REALIZING WHY I WAS DIFFERENT FROM OTHER PEOPLE CAUSE LIKE I WAS IN FOURTH GRADE LITERALLY LIKE A WEEK AND THEY COME UP TO ME AND ARE LIKE HAVE YOU EVER HEARD ABOUT THE AND I'M LIKE NO,0.3048780487804878
ROC_se0_ag1_m_01_1_1473998_1493891,THEN I'LL TEACH YOU CALCULUS AND I'M LIKE OY SO AT FIRST YOU KNOW I'M NOT REALLY LEARNING NOTHING BECAUSE I'M NOT TEACHING WELL BUT EVENTUALLY OM HE TAUGHT ME HE TAUGHT ME CALCULATES AND I'M SITTING HERE EM LIKE OH CASE DERIVATIVES AH OHY AND THE THING ABOUT IS WE DON'T TAKE REGIONS,THEN I'LL TEACH YOU CALCULUS AND I'M LIKE OKAY SO FIRST YOU KNOW I'M NOT REALLY LEARNING NOTHING BECAUSE I'M NOT TEACHING WELL BUT EVENTUALLY UM HE TAUGHT ME HE TAUGHT ME CALCULUS AND I'M SITTING HERE I'M LIKE OKAY DERIVATIVES HUH OKAY AND UM THE THING ABOUT IS WE DON'T TAKE REGENTS,0.20754716981132076
ROC_se0_ag1_m_01_1_1997487_2005526,ALL LIKE THE EDUCATION I GOT FROM HIM WAS WAS TOPED HERE,UM LIKE THE EDUCATION I GOT FROM WAS WAS TOP TIER,0.36363636363636365
ROC_se0_ag1_m_01_1_2542169_2591051,DOING MUSIC INTEGRATION AND YEA I'M LIKE IT IS IT WAS NICE WAS REALLY NICE BUT I WAS REALLY LOOKING FOR MY THING WAS WHAT I SAT TO REALIZE IN AM AS IN IS LIKE YOU MAKE PROGRESS WITH KIDS BUT THEN LIKE SOMETHING MAY HAPPEN AT HOME THAT YOU HAVE NO IDEA ABOUT WHEN THEY COME THE NEXT DAY AND IT'S JUST LIKE THAT IT'S GOING ON SOMETH THEY COULD A HAPPEN ON I'M I'M ALLOWED TO I HAVE THATCHNEXION WITH THE MOMENT'M THE SCHOOL THE STUDENT IS THAT YOU'S LIKE THAT I'M FINALLY AT THE PLACE WHERE I'M BEHIND THIS ISOT AF THAT YOU WANT LIKE THIS IS HOW I CAN FEEL LIKE THAT I CAN'M NOT REALLY MAKE SOME OF IMPACT OR CHANGE AMONGST THESE YOUTH,DOING MUSIC INTEGRATION AND YEAH I'M LIKE IT IT IT WAS IT WAS NICE IT WAS REALLY NICE BUT I WAS REALLY LOOKING FOR MY THING WAS WHAT I STARTED REALIZING UM AS IN IS LIKE YOU MAKE PROGRESS WITH KIDS BUT THEN LIKE SOMETHING MAY HAPPEN AT HOME THAT YOU HAVE NO IDEA ABOUT AND THEY COME THE NEXT DAY AND IT'S JUST LIKE YO WHAT'S GOING ON SOMETHING COULD HAVE HAPPENED UM AT I'M ALLOWED TO I HAVE THAT CONNECTION WITH THE HOME THE SCHOOL THE STUDENT THE PARENT AND IT'S LIKE THAT FULL CIRCLE SO I FEEL LIKE RIGHT NOW I'M FINALLY AT THAT PLACE WHERE I'M THIS IS THE JOB THAT I WANT LIKE THIS IS HOW I FEEL LIKE I CAN REALLY MAKE SOME TYPE OF IMPACT OR CHANGE AMONGST THESE YOUTH,0.3284671532846715
ROC_se0_ag1_m_01_1_3347541_3368208,AH AND I DON'T IS IS IT I DON'T KNOW IT IS SOMETHING IS SOMETHING ABOUT US LIKE LIKE YOU CAN HEAR SOMEBODY FROM THE CITY BE LIKE AGO YE THERE FROM THE CITY BUT LIKE YOU HEAR SOMEBODY FROM RODCHESTER YOU'RE LIKE THERE WERE THEY FROM,I DON'T IT'S IT'S I DON'T KNOW IT'S IT'S SOMETHI IT'S SOMETHING ABOUT US LIKE LIKE YOU CAN HEAR SOMEBODY FROM THE CITY AND BE LIKE OKAY YEAH THEY'RE FROM THE CITY BUT LIKE YOU HEAR SOMEBODY FROM ROCHESTER AND YOU'RE LIKE WHERE THEY FROM,0.37777777777777777
ROC_se0_ag1_m_01_1_3413916_3427781,I DUNNO LIKE I THINK TO ME EVERYBODY IN ROCHESTER PRETTY MUCH THEY'RE SPEAKING ENGLISH OR THEY'RE NOT FROM ROCHESTER SO THAT'S UNDERSTANDABLE THAT THEY HAVE IT ACCENT OR LIKE ENGLISH NOT THEIR FIRST SPEAKIN LANGUAGE CAUSE I MEAN WE HAVE,I DON'T KNOW LIKE I THINK TO ME EVERYBODY IN ROCHESTER PRETTY MUCH BE SPEAKING ENGLISH OR THEY'RE NOT FROM ROCHESTER SO THAT'S UNDERSTANDABLE THAT THEY HAVE AN ACCENT OR LIKE ENGLISH IS NOT THEIR FIRST SPEAKING LANGUAGE CAUSE I MEAN WE HAVE,0.13953488372093023
ROC_se0_ag1_m_01_1_3459295_3468601,BUT IT'S I THINK WHAT ROCHESTER IT'S MORE SO LIKE BECAUSE OF WHAT OUR CITY GETS BETRAYED AS,BUT IT'S I THINK WITH ROCHESTER IT'S MORE SO LIKE BECAUSE OF WHAT OUR CITY GETS PORTRAYED AS,0.1111111111111111
ROC_se0_ag1_m_02_1_1404369_1412561,I NEED GER MUSIC OR RIGHT NOW IF I CAN HAVE MY NICE NIGHT TO NIGHT YOU KNOW I MEAN SO IT'S COOL LIKE THEY'RE NOT JUST BUMPING DOWN SOFT MUSIC THEY DO RESPECT OUR SOUNDS,I NEED YOUR MUSIC ON RIGHT NOW BEFORE I CAN HAVE MY NICE NIGHT TONIGHT YOU KNOW WHAT I MEAN SO IT'S COOL LIKE THEY'RE NOT JUST BUMPING DOWN SOUTH MUSIC THEY DO RESPECT OUR SOUND,0.2222222222222222
ROC_se0_ag1_m_02_1_164419_197782,WELL ONE FRIEND THAT I'S STILL HAVE HIS NAME MA'AM'AM BEEN FRIENDS EVER SINCE BABIES CAUSE OUR MYLES WERE FRIENDS ALMOST HE WAS LIKE THE CHERBBY FAT DOUD THEN HE'S YO'RE PLAYIN FOOT BALL SLIMED UP THERE WAS THE DUET NAME HE WAS A OLDER DEUD THAT PROUDLY FOUR YEARS OLDER THAN US AND WE ALL LOOKED UP TO HIM OUT HE WAS LIKE THE LIKE THE EAST HIGHEST HIGH SCHOOL FOOTBALL PLAYER FORE AND WE'D AYE IT'S THE FE AND WE ALL LIKE PLAY LIKE BIG TREHOE HIM UP BUSTOM UP LIKE FOOTBALL FREE HAND FOOTBALL AYE AYE IT'S PRETTY COOL FRIEND,WELL ONE FRIEND THAT I STILL HAVE HIS NAME ME AND HIM BEEN FRIENDS EVER SINCE BABIES CAUSE OUR MOMS WERE FRIENDS UM HE WAS LIKE THE CHUBBY FAT K FAT DUDE THEN HE STARTED PLAYING FOOTBALL AND SLIMMED UP IT WAS A DUDE NAMED HE WAS A OLDER DUDE LIKE PROBABLY LIKE FOUR YEARS OLDER THAN US AND WE ALL LIKE LOOKED UP TO HIM CAUSE HE WAS LIKE THE LIKE THE EAST HIGH SCHOOL FOOTBALL PLAYER AND LIKE HE USED TO TRAIN US OUT IN THE FIELD AND WE USED TO LIKE PLAY LIKE LIKE T LIKE SHOOT 'EM UP BUST 'EM UP LIKE BASICALLY LIKE FOOTBALL FREEHAND FOOTBALL YEAH I HAD SOME PRETTY COOL FRIENDS ON COURT,0.475
ROC_se0_ag1_m_03_1_1325836_1333639,IT'S BEAUTIFUL IS BEAUTIFUL HOW THINGS COME TOGETHER LIKE THAT YOU KNOW SO NOW YEAR'S,IT'S BEAUTIFUL IT WAS BEAUTIFUL HOW THINGS COME TOGETHER LIKE THAT YOU KNOW SO NOW YEAH IT'S,0.23529411764705882
ROC_se0_ag1_m_03_1_2731369_2750996,I MEAN GE CHE IS LIKE BASICALLY LIKE OH AMONG LIKE A SOUTHERN ACCENT OH AND IN WHICH A LOT OF US IN ROCHESTER ALREADY SOUND QUOT ON QUOTE GAIE BECAUSE A LOT OF US WAS RAISED BY FOLKS THAT LIVE DOWN SOUTH,I MEAN GEECHEE IS LIKE BASICALLY LIKE UM LIKE A SOUTHERN ACCENT UM AND WHICH A LOT OF US IN ROCHESTER ALREADY SOUND QUOTE UNQUOTE GEECHEE BECAUSE A LOT OF US WAS RAISED BY FOLKS THAT LIVED DOWN SOUTH,0.28205128205128205
ROC_se0_ag1_m_03_1_2810906_2818522,OR ER WAY THAT WE SAY THINGS O AND THAT'S DE DAT'S TO ME THAT'S WHAT THAT'S WHAT GEECHE IS TO ME,OR OR WAY THAT WE SAY THINGS UM AND THAT'S THE THAT'S TO ME THAT'S WHAT THAT'S WHAT S GEECHEE IS TO ME,0.2608695652173913
ROC_se0_ag1_m_03_1_2977116_2990720,IS IT'LL WORK OUT IT'D WORK OUT BUT YEAR THAT'S WHAT PEOPLE I GUESS THAT'S WHAT PEOPLE THINK ABOUT A THOSE THAT SPEAK LIKE THERE FROM DOWN SOUTH BUT THEY WAS RAISED UP HERE,IT'S IT'LL WORK OUT IT'LL WORK OUT BUT YEAH THAT'S WHAT PEOPLE I GUESS THAT'S WHAT PEOPLE THINK ABOUT UH THOSE THAT SPEAK LIKE THEY'RE FROM DOWN SOUTH BUT THEY WAS RAISED UP HERE,0.14705882352941177
ROC_se0_ag2_f_02_1_1720121_1726612,OH YES THAT'S WHAT I TOLD HER SAID LIKE WE WERE LOOKING AT THE RENTAL HOUSE SHE'S LIKE OH MY GODDESS THAT DON'T WORRY I'M BUYING A HOUSE YOU WON'T HAVE TO,OH YEAH THAT'S WHAT I TOLD HER I SAID LIKE WE WERE LOOKING AT THE RENTAL HOUSE SHE'S LIKE OH MY GOD I SAID DON'T WORRY I'M BUYING A HOUSE YOU WON'T HAVE TO,0.14705882352941177
ROC_se0_ag2_f_02_1_2165127_2184916,I AM NOT AND I FEEL LIKE IF YOU ARE AN INVOLVED PARENT WITH YOUR KITS EDUCATION THEY'RE GOING TO BE SUCCESSFUL WHEREVER THEY ARE IS JUST THE ELEMENT IN THE EMVIRONMENT THAT I WANT CHANGED LIKE INN THEY'RE GETTING KICKED OUT OF THEIR BUILDING FOR HER SIX GREAT YEAR WHO KNOWS LIKE IF THEY ARE AT FRANKLIN SHEIN GOING NEAR,I AM NOT AND I FEEL LIKE IF YOU ARE AN INVOLVED PARENT WITH YOUR KID'S EDUCATION THEY'RE GOING TO BE SUCCESSFUL WHEREVER THEY ARE IT'S JUST THE ELEMENT AND THE ENVIRONMENT THAT I WANT CHANGED LIKE IN THEY'RE GETTING KICKED OUT OF THEIR BUILDING FOR HER SIXTH GRADE YEAR WHO KNOWS LIKE IF THEY'RE AT FRANKLIN SHE AIN'T GOING THERE,0.19672131147540983
ROC_se0_ag2_f_02_1_2640085_2645206,IT REALLY IS LIKE I LIVED IN GREECE FOR THREE YEARS I'LL NEVER FORGET BECAUSE YOU GOING TO LAUGH,IT REALLY IS LIKE I LIVED IN GREECE FOR THREE YEARS I'LL NEVER FORGET BECAUSE YOU'RE GOING TO LAUGH,0.05263157894736842
ROC_se0_ag2_f_02_1_2901032_2936926,SHE WAS BORN IN A LITTLE TOWN IN JORGIA AND EVERYBODY THERE IF WE GO BECAUSE WE HAVE FAMILY MEMBERS THAT GO EVERY YEAR WE'RE RELATED TO EVERY DAMON IN THIS LITTLE BABY TOWN LIKE IT'S A VERY SMALL TOWN AND THEY CAME UP THERE WITH OM MY MOTHER'S OLDEST SISTER SHE PASSED HER HUSBAND CAME UP HERE TO TELL DRUGS SO HE MOVED THE WHOLE MY GRANDMOTHER LIKE MY AUNT SAID I'M NOT GOING WITHOUT MY FAMILY IF HE MOVED MY GRANDMOTHER AND ALL HER CHILD UP HERE IN ORDER TO GET HIS WIFE TO COME UP HERE WITH HIM,SHE WAS BORN IN A LITTLE TOWN IN GEORGIA AND EVERYBODY THERE IF WE IF WE GO BECAUSE UH WE HAVE FAMILY MEMBERS THAT GO EVERY YEAR WE'RE RELATED TO EVERY DAMN BODY IN THIS LITTLE BABY TOWN LIKE IT'S A VERY SMALL TOWN AND THEY CAME UP THERE F WITH UM MY MOTHER'S OLDEST SISTER SHE PASSED HER HUSBAND CAME UP HERE TO SELL DRUGS SO HE MOVED THE WHOLE MY GRANDMOTHER LIKE MY AUNT SAID I'M NOT GOING WITHOUT MY FAMILY SO HE MOVED MY GRANDMOTHER AND ALL HER KIDS UP HERE IN ORDER TO GET HIS WIFE TO COME UP TH HERE WITH HIM,0.11214953271028037
ROC_se0_ag2_f_03_1_1240617_1251125,I'VE I'VE LOOKED AT YOU OF OUR AND OUR ATI AM WHAT I FIND IS THAT MOST OF THEM WANT YOU TO HAVE COLLEGE EXPERIENCE WHICH IS FRUSTRATING CAUSE I'M NOT LOOKING FOR TEACHING JET ROLLS,I'VE I'VE UH LOOKED AT U OF R AND R I T UM WHAT I FIND IS THAT MOST OF THEM WANT YOU TO HAVE COLLEGE EXPERIENCE WHICH IS FRUSTRATING CAUSE I'M NOT LOOKING FOR TEACHING JO ROLES,0.23684210526315788
ROC_se0_ag2_f_03_1_1750135_1777007,AND EVEN WITHIN OUR COMMUNITIES EVEN GAY BLACK MEN VERSES GAG AM GAY QUEER BLACK WOMEN THERE'S STILL SOME DIFFERENCES THERE'S STILL AM SOME NEEDS TO SOME NEEDS TO HAVE SEPARATE SPACES OR SPACES THAT SATISFY BOTH YOU KNOW AND SO AGAIN I THINK IT AND HE'S TRYING TO CREATE THOSE SPACES,AND EVEN WITHIN OUR COMMUNITIES EVEN GAY BLACK MEN VERSUS UM G UM GAY QUEER BLACK WOMEN THERE'S STILL SOME YOU KNOW DIFFERENCES THERE'S STILL UM SOME NEEDS TO SOME NEED TO HAVE SEPARATE SPACES OR SPACES THAT SATISFY BOTH YOU KNOW AND SO UM AGAIN I THINK GETS IT AND HE'S TRYING TO P CREATE THOSE SPACES YOU KNOW,0.21666666666666667
ROC_se0_ag2_f_03_1_211669_223270,I'D LOVE FOR BUSINESSS TO BE IN THE CITY AND WE DESERVE GOOD RESTAURANTS AND YOU KNOW THEY ALL MOVE OUT OF OUR NEIGHBOURHOODS AND NOW THAT I SEE WHAT'S HAPPENING I'M LIKE WAIT A MINUTE,I'D LOVE FOR BUSINESSES TO BE IN THE CITY AND WE DESERVE GOOD RESTAURANTS AND YOU KNOW THEY ALL MOVE OUT OF OUR NEIGHBORHOODS AND NOW THAT I SEE WHAT'S HAPPENING I'M LIKE WAIT A MINUTE,0.05555555555555555
ROC_se0_ag2_f_03_1_2266432_2313606,YEAP AND WE ALL KNOW WE'RE ALL GUILTY OF SOME TYPE OF COLLUSION OR YOU KNOW WHATEVER IT TAKES TO SURVIVE WE'VE ALL HAD TO SWALLOW OUR PRIDE AT SOME POINT AND SO I'M NOT JUDGEMENTAL AT ALL ON AND I THINK WE AND I DON'T KNOW WHERE YOU ARE IN YOUR JOURNEY BUT LOT OF US CARRY GUILT OH ONE BECAUSE IT'S IT'S YOUR RESPONSIBILITY TO STAND UP IN ANOTHER SENSE YOU NEED YOU GETS TO SURVIVE AND THIS FOLKS AREN'T YOU REALLY INTO EXPLANATION OH YOU JUST NEED YOUR PLAYCACK AND SO WHAT ARE YOU WILLING TO TURN UP IN ORDER TO PAY YOUR BILLS,YEP AND WE ALL YOU KNOW WE'RE ALL GUILTY OF SOME TYPE OF COLLUSION OR YOU KNOW WHATEVER IT TAKES TO SURVIVE WE'VE ALL HAD TO SWALLOW OUR PRIDE AT SOME POINT AND SO I'M NOT JUDGMENTAL AT ALL UM AND I THINK WE AND AND AND I DON'T KNOW WHERE YOU ARE IN YOUR JOURNEY BUT A LOT OF US CARRY GUILT UM BECAUSE IN ONE SENSE IT'S YOUR RESPONSIBILITY TO STAND UP IN ANOTHER SENSE YOU NEED TO SURVIVE AND THESE FOLKS AREN'T YOU KNOW INTO EXPLANATION YOU KNOW YOU JUST NEED YOUR PAYCHECK AND SO WHAT ARE YOU WILLING TO PUT UP WITH IN ORDER TO PAY YOUR BILLS,0.1875
ROC_se0_ag2_f_03_1_2341457_2355436,OH BUT I HAVE HAD A HANDFUL DAYS AT MY COMPANY THE WHERE YOU KNOW MY BLACKNESS WAS YOU KNOW BLEEDING,UM BUT I HAVE HAD A HANDFUL OF DAYS AT MY COMPANY THAT WERE YOU KNOW MY BLACKNESS WAS YOU KNOW BLEEDING,0.18181818181818182
ROC_se0_ag2_f_03_1_2571104_2580940,AUTUMN ACTIVEISM YOU KNOW I SEE A GROUP I SEE ON THE GROUP B L A C AY ON BLACK,UM ACTIVISM YOU KNOW I SEE 'S GROUP I SEE UM THE GROUP B L A K C K UM BLACK,0.3333333333333333
ROC_se0_ag2_f_03_1_2989460_3013623,OH MY WIFE POINTS IT OUT SHE SAYS AS SOON AS I GET ON THE FUN AT MY FAMILY OR SHE SAID WE CAN BE DRIVING TO THEIR HOUSE AND MY LANGUAGE CHANGES AND WITHOUT EVEN THINKING ABOUT IT AND SHE'S LIKE IT HAPPENS AUTOMATICALLY SAYS I DON'T EVEN PAY ATTENTION TO IT AM BUT THE WAY I SPEAK CHANGES WHEN I'M AROUND AND MY FAMILY OR PREDOMINALLY AROUND PEOPLE OF COLOR,UM MY WIFE POINTS IT OUT SHE SAYS O W AS SOON AS I GET ON THE PHONE WITH MY FAMILY OR SHE SAID WE CAN BE DRIVING TO THEIR HOUSE AND MY MY LANGUAGE CHANGES AND WITHOUT EVEN THINKING ABOUT IT AND SHE'S LIKE IT HAPPENS AUTOMATICALLY CAUSE I DON'T PAY ATTENTION TO IT UM BUT THE WAY I SPEAK CHANGES WHEN I'M AROUND UM MY FAMILY OR PREDOMINANTLY AROUND PEOPLE OF COLOR,0.14864864864864866
ROC_se0_ag2_f_03_1_379589_427006,I DON'T THINK SO I THINK THEY ARE JUST TRYING TO MAKE MORE ROOM AND SPACE FOR THEIR STUDENTS AND TRYING TO MAKE IT ATTRACTIVE TO THE FOLKS THAT THEY ARE AM ALMOST REACHING OUT TO AND SO THIS WHOLE PUSH FOR SAFER SPACES AND THEY'RE BUILDING YOU KNOW THIS WHOLE PERCEPTION THAT YOU'RE IN THE ENEMY THAT YOUOVAIR BUT IT MIGHT NOT BE SAFER AND SO THEY'RE TAKING UP REAL ESTATES AND THAT IS IT'S ALL ELUSIVE TO THE FOLKS THAT THEY'RE CHETERING TO ME AND THAT'S HOW IT WILL FEELS TO ME BUT THAT'S WITHOUT ANY DATA I DON'T KNOW WHAT ATTEMPTS YOUOEUVARD I'M AT AH I DON'T THINK IT MY PARENTS YOU LIVE A COUPLE OF IT AND YOUOEVAR I DON'T THINK THEY'LL HAVE REACHED OUT AT ALL BUT I'S WHO KNOWS IF THERE IS SOMETHING IN THE WORKS I'M NOT AWARE OF IT,I DON'T THINK SO I THINK THEY ARE JUST TRYING TO MAKE MORE ROOM AND SPACE FOR THEIR STUDENTS AND TRYING TO MAKE IT ATTRACTIVE TO THE FOLKS THAT THEY ARE UM REACHING OUT TO AND SO THIS WHOLE PUSH FOR SAFER SPACES AND BUILDING YOU KNOW THIS WHOLE PERCEPTION THAT YOU'RE IN THE CITY THE U OF R BUT IT MIGHT NOT BE SAFE AND SO THEY'RE TAKING UP REAL ESTATE THAT IS EXCLUSIVE TO THE FOLKS THAT THEY'RE CATERING TO AND THAT'S HOW IT FEELS TO ME BUT THAT'S WITHOUT ANY DATA I DON'T KNOW WHAT ATTEMPTS U OF R UM HAS AT UH MY PARENTS LIVE A COUPLE OF BLOCKS FROM U OF R I DON'T THINK THEY'VE REACHED OUT AT ALL I DON'T THINK BUT WHO KNOWS UM IF THERE IS SOMETHING IN THE WORKS I'M NOT AWARE OF IT,0.2638888888888889
ROC_se0_ag2_f_03_1_39270_63728,I WOULD DESCRIBE IT AS INNER CITY I GREW UP I'M THIRTY NINE NOW BUT WHEN I GREW UP IT WAS THE GEBOYS AND THE BLACK MOB AND YOU IT'S A KNOW BETWEEN GENIT COTTAGE STREET WAS PRETTY LOT A HOME OWNERS BUT GENESY AND JEFFERSON ON A LOT OF OF A JUST I'M ACTIVITY A LOT OF UH BUT ALSO A VERY PRETTY ARE JUST A LOT OF OLD HOMES LOT OF,I WOULD DESCRIBE IT AS INNER CITY I MEAN I GREW UP UM I'M THIRTY NINE NOW BUT WHEN I GREW UP IT WAS THE G BOYS AND THE BLACK MOB AND YOU KNOW IT'S A YOU KNOW BETWEEN JEN COTTAGE STREET WAS PRETTY A LOT OF HOMEOWNERS BUT GENESEE AND JEFFERSON UM A LOT OF UH JUST UM ACTIVITY UH AROUND BUT ALSO A VERY PRETTY AREA UM A LOT OF OLD HOMES A LOT OF,0.3116883116883117
ROC_se0_ag2_f_04_1_193297_198300,WELL YOU KNOW THE CLASS OF OF OF NINETEEN NINETY WAS PROBABLY THE BEST LAST GRADUATE,WELL YOU KNOW THE CLASS OF OF OF OF NINETEEN NINETY WAS PROBABLY THE BEST LAST GRADUAT NO,0.16666666666666666
ROC_se0_ag2_f_04_1_469678_515980,I TEASED HIM THAT HE SHOULD HAVE WHEN I FIRST MET HIM I THOUGHT HIS FAMILY WAS WEST INDIAN CAUSE YOU KNOW I WASN'T SOPHICATED ENOUGH TO BE ABLE TO TELL A DIALECT AT THAT TIME AND ALLEN NEW FLORIDA IN GEORGIA AND THAT'S A VERY DIFFERENT SOUNDING OLD TONE SO WHEN I FIRST HEARD HIS MOTHER AND HIS HEARD HIS UNCLE SPEAK AND SHE WOULD SAY I'LL SPEAK IS HIS MOTHER AND THEN I FOUND IT FROM SOUTH CAROL SPEAK AND THEN HIS DAUGHTERS OF THE DUST IN MA'MMA DAY INMRIADING ABOUT THE ALLECTA AND JUST REALLY A BEING CAUGHT UP IN A BEAUTY OF THE SAME LANGUAGE SO I'LLEXEX HIM THAT HE'DLY SHOULD HAVE BEEN EDUCATED AS AN ESSAL STUDENT I'M BECAUSE IN MANY WAYS HAVE THIS HEAVY AND HIS MOTHER SYBLINGS HAVE THIS HEAVY SPEECH PATTERN BUT I HEAR HIM SAY YOU KNOW I SAID REALLY,I TEASE HIM THAT HE SHOULD HAVE UH WHEN I FIRST MET HIM I THOUGHT HIS FAMILY WAS WEST INDIAN CAUSE YOU KNOW I WASN'T SOPHISTICATED ENOUGH TO BE ABLE TO TELL DIALECTS AT THAT TIME AND I ONLY KNEW FLORIDA AND GEORGIA AND THAT'S A VERY DIFFERENT SOUNDING UM TONE SO WHEN I FIRST HEARD HIS MOTHER AND HIS HER HIS UNCLE SPEAK AND SHE WOULD SAY THINGS AND I WAS LIKE IS HIS MOTHER WEST INDIAN AND THEN I FOUND OUT THEY'RE FROM SOUTH CAROLINA AND THEN JUST LIKE DAUGHTERS OF THE DUST AND UM MAMA DAY AND READING ABOUT THE UGH THOSE SEA COAST ISLANDS AND JUST REALLY BEING CAUGHT UP IN THE BEAUTY OF THE LANGUAGE SO I TEASE HIM THAT HE PROBABLY SHOULD HAVE BEEN EDUCATED AS AN E S L STUDENT BECAUSE IN MANY WAYS HIS HIS PARENTS HAVE THIS HEAVY HI HIS MOTHER AND HIS SIBLINGS I MEAN HER SIBLINGS HAVE THIS HEAVY SPEECH PATTERN THAT I HEAR HIM SAY THA I'M LIKE YEAH YOU KNOW I SAID REALLY,0.3465909090909091
ROC_se0_ag3_f_01_1_1341401_1376200,OH THAT'S BASICALLY YET ONCE THEY I'M BOTH GOT JOBS THEN YOU KNOW THEY WERE OUT ON THEIR OWN AND THEN THEY HAD AN APARTMENT ONUM THEN THEY BOUGHT AN APARTMENT ON THEN THEY BOUGHT AN APARTMENT ON THEN THEY BOUGHT THIS HOUSE SO THEY ACTUALLY BOUGHT THE HOUSE FOR SEVENTEEN THOUSAND DOLLARS SIX BEDROOM HOUSE THREE BATHROOMS FOR SEVENTEEN THOUSAND YEARS YOU KNOW BACK THEN THAT WAS BATZY AND THEY PAID THEIR HOUSE OFF REAL QUICK BECAUSE SHE WAS AT KHODAK AND HE WAS BASICALLY A STEEL,UM THAT'S BASICALLY IT ONCE THEY UM BOTH GOT JOBS THEN YOU KNOW THEY WERE OUT ON THEIR OWN AND THEN THEY HAD AN APARTMENT ON THEN THEY BOUGHT AN APA HAD AN APARTMENT ON THEN THEY BOUGHT THIS HOUSE SO THEY ACTUALLY BOUGHT THE HOUSE FOR SEVENTEEN THOUSAND DOLLARS SIX BEDROOM HOUSE THREE BATHROOMS SEVENTEEN THOUSAND YEAR YOU KNOW BACK THEN SO THAT WAS CRAZY YOU SO THEY PAYED THEIR HOUSE OFF REAL QUICK BECAUSE SHE WAS AT KODAK AND HE WAS IN CONSTRUCTION SO IT WAS BASICALLY A STEAL,0.25274725274725274
ROC_se0_ag3_f_01_1_74615_80900,YES SO NOW MY NEIGHBORS ARE GREAT I ACTUALLY HAVE OM KIDS FROM OURETE NEXT DOOR,YEAH SO NOW MY NEIGHBORS ARE GREAT I ACTUALLY HAVE UM KIDS FROM R I T NEXT DOOR,0.2777777777777778
ROC_se0_ag3_f_02_1_1053864_1089199,I STAYED WITH MY GRANDMOTHER UNTIL I WAS THIRTEEN SO WHEN WE FIRST GOT UP WHEN I'VE WHEN SHE FIRST GOT HERE AND TO TAKE ME TO SCHOOL IT WAS NUMMIN'S SCHOOL UNDERVANU IT'S ON NEVENU NOW BUT THE ORIGINAL WAS ON VAVENUE IT SO I WAS GO TO FIFTH GRADE AND THEY SAID I COULDN'T'T I'T I WAS COMING FROM THE SOUTH AND SHE SAID SHE'S GOING TO FIFTH GREAT,I STAYED WITH MY GRANDMOTHER UNTIL I WAS THIRTEEN SO WHEN WE FIRST GOT UP WHEN I F WHEN SHE FIRST GOT HERE AND TO TAKE ME TO SCHOOL IT WAS NUMBER SCHOOL ON AVENUE IT'S ON AVENUE NOW BUT THE R ORIGINAL WAS ON AVENUE SO I WAS GO TO F FIFTH GRADE AND THEY SAID I COULDN'T UH CAUSE I WAS COMING FROM THE SOUTH AND SHE SAID SHE GOING TO FIFTH GRADE,0.2
ROC_se0_ag3_f_02_1_1615257_1622185,ALWAYS STAY AT MY HOUSE AND THAT'S THE WAY WE GREW UP SO WE GREW UP LIKE SISTERS,OR WE'D STAY AT MY HOUSE AND THAT'S THE WAY WE GREW UP SO WE GREW UP LIKE SISTERS,0.10526315789473684
ROC_se0_ag3_f_02_1_1699087_1707565,IF IT WAS THAT HIGH AND I WOULD TAKE THAT TAKE THEM SHOES TO SCHOOL WITH ME AND CHANGE EM ON MY WAY THERE,IF IF IT WAS THAT HIGH AND I WOULD TAKE THAT TAKE THEM SHOES TO SCHOOL WITH ME AND CHANGE 'EM ON MY WAY THERE,0.08
ROC_se0_ag3_f_02_1_2221266_2232596,WITH ALL THE CRINNALIONS UNDER IT I REMEMBER THAT SKIRT I WEAR IT EVERY FRIDAY AND IT HAD LIKE A CAROL CELL AROUND IT I COULDN'T DANCE BUT I COULD TWIRLE,WITH ALL THE CRINOLINES ON THERE I REMEMBER THAT SKIRT I WOULD WEAR IT EVERY FRIDAY AND IT HAD LIKE A CAROUSEL AROUND IT I COULDN'T DANCE BUT I COULD TWIRL,0.22580645161290322
ROC_se0_ag3_f_02_1_2471400_2503647,RESTAURANT SOMEWHERE ELSE WHERE DID HE GO I DON'T KNOW WHERE HE WENT BUT EVENTUALLY HE WAS UP ON CENTRAL AVENUE UP WITH ALL THE HOT DOGS BUT HE WAS ON THE CORNER IN NORTH STREET AND CENTRAL AVENUE AND FROM THERE HE MOVED CROSS TOWN ON CLARISA'S STREET AND FROM THERE HE MOVED DOWN HERE WHEN DID HE HE WAS SOMEWHERE,RESTAURANT SOMEWHERE ELSE WHERE DID HE GO I DON'T KNOW WHERE HE WENT BUT EVENTUALLY HE WAS UP ON CENTRAL AVENUE UP WITH TH ALL THE HOT DOGS BUT HE WAS ON THE CORNER OF NORTH STREET AND CENTRAL AVENUE AND FROM THERE HE MOVED CROSS TOWN ON CLARISSA STREET AND FROM THERE HE MOVED HERE WHERE DID HE HE WAS SOMEWHERE,0.08064516129032258
ROC_se0_ag3_f_02_1_2528873_2546883,AND SHE NEVER RECOVERED SHE WAS IN A DEPISCOPAL HOME SHE NEVER RECOVERED AND THAT AFFECTED HIM AND HIS HEALTH CANNOT WENT DOWN TOO SO I THINK SOMEBODY MOVED HIM OUT TO ARIZONNA OR SOMETHING AND THAT'S WHERE HE DIED,AND SHE NEVER RECOVERED SHE WAS IN UH THE EPISCOPAL HOME SHE NEVER RECOVERED AND THAT AFFECTED HIM AND HIS HEALTH KIND OF WENT DOWN TOO SO I THINK SOMEBODY MOVED HIM OUT TO ARIZONA OR SOMETHING AND THAT'S WHERE HE DIED,0.14285714285714285
ROC_se0_ag3_f_02_1_2579639_2587011,I WISH I COULD REMEMBER WHERE HE WAS BEFORE HE MOVED TO THURSTON BUT AT THAT'S,I WISH I COULD REMEMBER WHERE HE WAS BEFORE HE MOVED TO THURSTON BUT I THAT'S,0.0625
ROC_se0_ag3_f_02_1_3084760_3095984,BEFORE YOU GET TO THE CONCESSION STAND AND THEN YOU KIN GO IN AND FIND A SEAT AND I LIKE CAUSE I COULD SIT UPSTAIRS OR I COULD SIT DOWNSTAIRS,BEFORE YOU GET TO THE CONCESSION STAND AND THEN YOU COULD GO IN AND FIND A SEAT AND I LIKED CAUSE I COULD SIT UPSTAIRS OR I COULD SIT DOWNSTAIRS,0.06666666666666667
ROC_se0_ag3_f_02_1_3098829_3122479,AND THAT WAS THAT WAS REALLY NICE MY GRANDMOTHER AND I CAME UP HERE YET THEY HAD THE ARCAEL PALACE DE ARCAIL TEMPLE THE ARCAEL THE OTHER ONE WAS ON EAST AVENUE OH IT WAS SO MANY MOVIES OH I LOST MY TRAIN OF THOUGHT,AND THAT WAS THAT WAS REALLY NICE MY GRANDMOTHER AND I CAME UP HERE YEAH THEY HAD THE R K O PALACE THE R K O TEMPLE THE R K O THE OTHER ONE WAS ON EAST AVENUE OH IT WAS SO MANY MOVIES UM I LOST MY TRAIN OF THOUGHT,0.23529411764705882
ROC_se0_ag3_f_02_1_3135582_3162790,AND AT THE MOVING WHEN YOU WENT THEN YOU GOT A CHOICE OF YOU ALWAYS HAD TWO FULL LENGTH MOVINGS AND YOU HAD I DON'T KNOW HOW MANY CARTOONS THEN YOU HAD THE COMMON ATTRACTIONS YOU HAD A WHAT THEY CALLED CEREALS WHICH WAS CHAPTERS AND YOU HAD A WESTERN YOU GOT ALL THAT FOR YOUR MONEY,AND AT THE MOVIE WHEN YOU WENT THEN YOU GOT A CHOICE OF YOU YOU ALWAYS HAD TWO FULL LENGTH MOVIES AND YOU HAD I DON'T KNOW HOW MANY CARTOONS THEN YOU HAD THE COMING ATTRACTIONS YOU HAD UH WHAT THEY CALL SERIALS WHICH WAS CHAPTERS AND AND YOU ALWAYS HAD A WESTERN YOU GOT ALL OF THAT FOR YOUR MONEY,0.16393442622950818
ROC_se0_ag3_f_02_1_708252_721458,I THINK CAUSE IN THE OLD DAYS YOU DIDN'T I'S LIKE I SAY I DON'T KNOW IF IT WAS CONSCENTUAL THEY WAS GOING BEHIND THE BEN SOMEWHERE OR IF HE WAS FORCING HIMSELF AND SHE WAS SCARED,I THINK CAUSE IN THE OLD DAYS YOU DIDN'T I S LIKE I SAID I DON'T KNOW IF IT WAS CONSENSUAL THEY WAS GOING BEHIND THE BEND SOMEWHERE OR IF HE WAS FORCING HISSELF AND SHE WAS SCARED,0.15789473684210525
